page_count,avg_page_length,entity_density,relation_indicators,topic_diversity,topic_transitions,is_qna_pattern,is_decision_tree,is_entity centric,time_span,temporal_density,semantic_complexity,hyperedge_density,visual_salience_score
6.0,108.666664,1.8333334,1.5,1.0,1.0,1.0,0.0,1.0,0.04173611,3.3333333,0.050469793,9.166667,0.16405778
6.0,167.0,1.6666666,2.0,2.0,2.2,1.0,0.0,1.0,0.061319444,3.6666667,0.039658714,10.333333,0.12964736
6.0,115.833336,0.6666667,0.33333334,2.0,2.2,1.0,0.0,1.0,0.029305555,1.0,0.052778717,3.6666667,0.21384552
7.0,57.714287,1.7142857,1.5714285,1.4285715,1.5,0.0,0.0,1.0,0.021805555,3.2857144,0.046947617,9.0,-0.08001204
6.0,107.333336,1.0,0.6666667,1.1666666,1.6,1.0,0.0,1.0,0.04104167,1.6666666,0.047128942,4.8333335,0.19452946
6.0,93.5,1.8333334,1.6666666,1.6666666,2.2,1.0,0.0,1.0,0.03715278,3.5,0.04769457,7.6666665,0.16075666
6.0,42.333332,1.3333334,1.0,1.5,2.0,1.0,0.0,1.0,0.013263889,2.3333333,0.07018961,6.3333335,0.16473901
8.0,42.25,1.75,1.375,1.625,1.8571428,0.0,0.0,1.0,0.026944444,3.125,0.04766359,8.25,0.12314404
7.0,46.785713,2.0,1.4285715,1.8571428,2.0,1.0,0.0,1.0,0.021875,3.4285715,0.059669655,8.857142,-0.26038474
6.0,75.416664,1.0,1.0,1.8333334,2.0,1.0,0.0,1.0,0.03784722,2.0,0.053272206,5.3333335,0.2122202
6.0,103.583336,2.1666667,3.5,2.0,2.2,1.0,0.0,1.0,0.03652778,5.6666665,0.054019984,16.833334,0.05305974
7.0,47.07143,2.2857144,2.142857,1.4285715,1.5,1.0,0.0,1.0,0.020694444,4.428571,0.05604157,10.285714,0.0
6.0,51.083332,1.6666666,1.8333334,2.0,2.2,1.0,0.0,1.0,0.016666668,3.5,0.060379706,9.0,0.033024218
6.0,120.5,1.1666666,1.0,2.0,2.2,1.0,0.0,1.0,0.04111111,2.1666667,0.08908546,5.8333335,-0.007555976
6.0,106.166664,1.6666666,1.6666666,2.0,2.2,1.0,0.0,1.0,0.035833333,3.3333333,0.05136049,10.0,0.0
6.0,164.16667,1.3333334,1.1666666,2.0,2.2,1.0,0.0,1.0,0.060069446,2.5,0.051813193,5.0,0.20373629
8.0,48.8125,1.0,0.375,1.75,1.8571428,1.0,0.0,1.0,0.025208334,1.375,0.056102883,4.625,0.12298101
6.0,101.5,1.8333334,1.5,1.8333334,2.0,1.0,0.0,1.0,0.032847222,3.3333333,0.05734785,11.0,0.0
6.0,73.583336,1.0,0.6666667,2.0,2.2,1.0,0.0,1.0,0.033958334,1.6666666,0.04692833,4.0,0.2021876
6.0,46.75,0.8333333,0.5,0.8333333,1.8,1.0,0.0,1.0,0.01826389,1.3333334,0.07428375,4.3333335,0.0
8.0,47.75,0.625,0.5,1.5,1.8571428,1.0,0.0,1.0,0.022847222,1.125,0.057165936,3.75,0.12322609
6.0,112.333336,1.8333334,1.0,2.0,2.2,1.0,0.0,1.0,0.040347222,2.8333333,0.0499922,5.6666665,-0.14044318
6.0,102.5,1.6666666,1.5,1.5,1.6,1.0,0.0,1.0,0.03,3.1666667,0.04247671,9.0,0.16422017
6.0,129.08333,2.6666667,3.5,2.0,2.2,1.0,0.0,1.0,0.061458334,6.1666665,0.03630088,16.0,0.20446354
8.0,56.625,1.5,1.0,1.875,2.0,1.0,0.0,1.0,0.029513888,2.5,0.05170367,5.0,-0.20873776
7.0,51.0,1.4285715,1.4285715,1.5714285,2.1666667,1.0,0.0,1.0,0.020763889,2.857143,0.06645647,6.571429,0.14049073
6.0,77.5,0.6666667,0.5,2.0,2.2,1.0,0.0,1.0,0.030833334,1.1666666,0.05051344,3.8333333,0.16121443
6.0,65.5,1.0,0.6666667,1.8333334,2.2,1.0,0.0,1.0,0.023958333,1.6666666,0.06388252,5.0,0.0
7.0,37.42857,1.1428572,1.0,0.71428573,1.3333334,1.0,0.0,1.0,0.014097222,2.142857,0.06395187,4.857143,0.0
6.0,49.75,1.3333334,1.1666666,1.5,1.6,1.0,0.0,1.0,0.018888889,2.5,0.071228065,6.6666665,0.19744538
6.0,85.25,1.0,1.1666666,2.0,2.2,0.0,0.0,1.0,0.027708333,2.1666667,0.044101596,5.6666665,0.05004476
6.0,131.75,1.3333334,1.3333334,2.0,2.2,0.0,0.0,1.0,0.05722222,2.6666667,0.037162483,8.0,0.0
6.0,93.083336,0.5,0.33333334,1.8333334,2.2,1.0,0.0,1.0,0.03798611,0.8333333,0.045963697,2.5,0.16191606
8.0,40.625,1.125,1.0,1.25,1.2857143,1.0,0.0,1.0,0.020069445,2.125,0.061170254,5.875,0.0
7.0,62.714287,1.2857143,1.1428572,2.0,2.1666667,1.0,0.0,1.0,0.024652777,2.4285715,0.050822902,6.428571,0.14012864
6.0,122.583336,1.1666666,1.6666666,2.0,2.2,1.0,0.0,1.0,0.048680555,2.8333333,0.041881897,6.0,0.16247457
6.0,114.916664,1.0,1.0,1.8333334,2.2,1.0,0.0,1.0,0.036319446,2.0,0.043656565,6.0,0.0
8.0,49.875,0.25,0.25,1.625,2.0,1.0,0.0,1.0,0.024375,0.5,0.063670814,2.0,0.12336365
6.0,182.66667,1.3333334,1.1666666,2.0,2.2,0.0,0.0,1.0,0.06625,2.5,0.05305687,7.6666665,0.15820302
6.0,175.08333,1.6666666,1.5,2.0,2.2,1.0,0.0,1.0,0.07270833,3.1666667,0.03584498,8.5,0.19787057
6.0,50.583332,2.0,1.6666666,2.0,2.2,1.0,0.0,1.0,0.018888889,3.6666667,0.05719736,7.8333335,0.0
8.0,62.8125,1.625,1.625,1.875,2.0,1.0,0.0,0.0,0.031875,3.25,0.05673096,6.5,0.122685835
6.0,225.66667,1.8333334,1.6666666,1.8333334,2.2,1.0,0.0,1.0,0.10298611,3.5,0.045967855,9.0,0.20080158
6.0,92.666664,1.6666666,1.5,2.0,2.2,1.0,0.0,1.0,0.025347222,3.1666667,0.05612085,6.5,0.15861677
6.0,89.583336,1.8333334,2.1666667,1.5,1.8,1.0,0.0,1.0,0.030625,4.0,0.060951725,10.166667,0.16038118
7.0,53.214287,1.5714285,0.2857143,2.0,2.1666667,1.0,0.0,0.0,0.022430556,1.8571428,0.05714319,5.571429,0.18428282
4.0,57.75,1.75,1.5,0.5,0.33333334,1.0,0.0,1.0,0.0125,3.25,0.06841145,9.5,0.2459256
6.0,105.083336,1.6666666,1.8333334,1.8333334,2.0,1.0,0.0,1.0,0.035416666,3.5,0.038475502,10.333333,0.0
6.0,52.0,1.1666666,0.8333333,1.6666666,1.8,1.0,0.0,1.0,0.020694444,2.0,0.06878403,4.6666665,0.11069853
8.0,55.25,1.25,1.5,1.0,1.0,1.0,0.0,1.0,0.029444445,2.75,0.055425975,6.75,0.12300809
6.0,84.333336,2.0,2.6666667,2.0,2.2,1.0,0.0,1.0,0.03277778,4.6666665,0.060229067,10.0,0.0
6.0,94.166664,1.1666666,1.1666666,1.5,2.0,1.0,0.0,1.0,0.032291666,2.3333333,0.05612653,6.8333335,0.21423219
6.0,164.33333,0.6666667,0.6666667,2.0,2.2,1.0,0.0,1.0,0.056041665,1.3333334,0.04792628,3.8333333,0.1221141
8.0,55.0625,1.375,1.75,1.75,2.0,1.0,0.0,1.0,0.027013889,3.125,0.053166874,7.5,0.12314404
5.0,88.0,1.2,1.0,2.0,2.25,1.0,0.0,1.0,0.026319444,2.2,0.051944148,7.8,0.0
6.0,137.0,0.8333333,0.6666667,1.5,1.8,1.0,0.0,1.0,0.036736112,1.5,0.055271648,4.3333335,0.15879124
6.0,108.166664,1.0,0.8333333,2.0,2.2,1.0,0.0,1.0,0.04451389,1.8333334,0.055986837,3.8333333,0.16053073
8.0,38.8125,1.25,1.0,1.875,2.0,1.0,0.0,1.0,0.022430556,2.25,0.06347445,6.625,0.123530075
9.0,59.666668,1.1111112,1.1111112,1.4444444,1.875,1.0,0.0,1.0,0.035416666,2.2222223,0.05728566,6.111111,0.10945824
5.0,79.6,1.2,1.0,2.0,2.25,1.0,0.0,1.0,0.029861111,2.2,0.051297456,5.6,-0.036421422
6.0,67.916664,0.8333333,0.8333333,1.6666666,1.8,1.0,0.0,1.0,0.023611112,1.6666666,0.05402143,4.5,0.0
6.0,142.5,2.0,1.5,2.0,2.2,1.0,0.0,1.0,0.03263889,3.5,0.06545595,11.0,0.16156296
7.0,33.42857,0.85714287,0.85714287,2.0,2.1666667,1.0,0.0,1.0,0.015069445,1.7142857,0.05503283,4.285714,0.0
7.0,46.57143,0.5714286,0.42857143,2.0,2.1666667,1.0,0.0,1.0,0.019791666,1.0,0.052072484,3.4285715,0.20509243
4.0,78.125,1.5,1.5,0.75,1.0,1.0,0.0,1.0,0.024583334,3.0,0.04830287,7.75,0.25812212
6.0,136.25,1.6666666,1.0,0.6666667,0.8,1.0,0.0,1.0,0.06277778,2.6666667,0.049302716,7.1666665,0.10847189
8.0,33.5,1.0,0.75,1.25,1.7142857,1.0,0.0,1.0,0.018125,1.75,0.0790389,5.25,0.0
6.0,55.583332,1.0,0.8333333,1.5,2.0,0.0,0.0,1.0,0.022083333,1.8333334,0.043175533,5.0,0.1635425
6.0,103.166664,0.5,0.6666667,1.6666666,1.8,1.0,0.0,1.0,0.039722223,1.1666666,0.04862708,3.6666667,0.20420977
5.0,137.2,1.4,1.2,2.0,2.25,1.0,0.0,1.0,0.036041666,2.6,0.04199313,7.4,0.24167259
8.0,55.625,1.625,2.125,1.5,1.7142857,1.0,0.0,1.0,0.02861111,3.75,0.06829844,9.375,0.1902357
6.0,44.833332,1.1666666,0.8333333,0.8333333,2.2,1.0,0.0,1.0,0.013611111,2.0,0.06729817,6.3333335,0.0
6.0,65.833336,1.3333334,1.0,2.0,2.2,0.0,0.0,1.0,0.021597221,2.3333333,0.051656466,6.6666665,0.20330282
6.0,138.83333,2.6666667,2.6666667,1.8333334,2.0,1.0,0.0,1.0,0.04986111,5.3333335,0.053487044,13.666667,0.2326018
6.0,115.666664,1.6666666,1.5,2.0,2.2,1.0,0.0,1.0,0.038472224,3.1666667,0.05472227,9.666667,0.22587639
8.0,40.625,2.0,1.875,2.0,2.142857,1.0,0.0,0.0,0.018541666,3.875,0.043743305,8.0,0.0
8.0,42.25,1.375,0.25,0.375,0.2857143,1.0,0.0,0.0,0.021388888,1.625,0.0661342,3.75,0.19426611
8.0,58.25,1.875,1.875,1.625,1.8571428,0.0,0.0,1.0,0.031527776,3.75,0.054226086,9.375,0.0
6.0,131.58333,1.5,1.6666666,1.8333334,2.2,1.0,0.0,1.0,0.040486112,3.1666667,0.054436825,10.166667,0.0
6.0,131.33333,0.8333333,0.5,2.0,2.2,1.0,0.0,1.0,0.059722222,1.3333334,0.05373781,2.8333333,0.16179785
7.0,60.285713,1.5714285,1.5714285,1.1428572,1.8333334,1.0,0.0,1.0,0.02375,3.142857,0.05858531,9.285714,0.1398367
6.0,79.416664,1.1666666,0.8333333,2.0,2.2,1.0,0.0,1.0,0.029652778,2.0,0.048312716,6.3333335,0.0
6.0,127.0,1.1666666,1.3333334,1.8333334,2.2,1.0,0.0,1.0,0.03625,2.5,0.054947548,7.3333335,0.16379476
6.0,59.5,1.0,2.1666667,1.5,2.0,1.0,0.0,1.0,0.020694444,3.1666667,0.0523878,7.8333335,0.20318732
8.0,39.6875,1.5,1.125,2.0,2.142857,1.0,0.0,1.0,0.021666666,2.625,0.05668242,7.0,0.0
8.0,54.25,1.25,0.75,1.75,2.142857,0.0,0.0,1.0,0.025347222,2.0,0.070407405,5.875,0.17011066
5.0,120.0,1.6,1.8,1.8,2.0,1.0,0.0,1.0,0.042013887,3.4,0.053088438,9.8,0.18999761
6.0,114.416664,1.3333334,1.1666666,0.6666667,1.2,1.0,0.0,1.0,0.033819444,2.5,0.032846402,7.1666665,0.16335058
6.0,88.583336,0.6666667,0.6666667,1.8333334,2.0,1.0,0.0,1.0,0.026319444,1.3333334,0.0607278,4.6666665,0.16383702
8.0,49.9375,1.0,1.25,1.875,2.0,1.0,0.0,1.0,0.023125,2.25,0.051110573,8.375,0.12350223
6.0,81.083336,1.1666666,0.5,1.1666666,1.6,1.0,0.0,1.0,0.026180556,1.6666666,0.05887562,4.6666665,0.16568749
6.0,98.5,0.8333333,0.6666667,2.0,2.2,1.0,0.0,1.0,0.032986112,1.5,0.03624542,3.1666667,0.20545872
6.0,70.666664,1.6666666,1.3333334,2.0,2.2,1.0,0.0,1.0,0.03013889,3.0,0.03828197,7.6666665,0.16579574
8.0,41.875,1.75,1.875,1.625,1.8571428,0.0,0.0,1.0,0.022916667,3.625,0.055242874,9.875,0.0
5.0,145.9,1.2,1.4,1.6,1.75,1.0,0.0,1.0,0.041875,2.6,0.05684492,8.6,0.0
6.0,111.5,1.8333334,1.3333334,1.8333334,2.2,1.0,0.0,1.0,0.03861111,3.1666667,0.056401677,8.166667,0.0
8.0,38.625,0.75,0.625,1.25,1.5714285,1.0,0.0,1.0,0.025069445,1.375,0.054191895,4.125,0.0
8.0,44.0,1.0,1.0,1.875,2.0,1.0,0.0,1.0,0.01875,2.0,0.06131734,6.875,0.0
6.0,68.0,1.1666666,0.6666667,2.0,2.2,1.0,0.0,1.0,0.024791667,1.8333334,0.06382246,4.8333335,0.16473901
6.0,142.58333,1.1666666,1.1666666,0.5,0.4,1.0,0.0,1.0,0.054930557,2.3333333,0.05262344,6.1666665,0.20960134
7.0,61.42857,0.42857143,0.5714286,2.0,2.1666667,0.0,0.0,1.0,0.02625,1.0,0.036539845,4.142857,0.18310799
8.0,35.6875,0.875,1.0,1.375,2.0,1.0,0.0,1.0,0.015694445,1.875,0.06428716,4.875,0.0
8.0,49.4375,1.75,1.25,1.625,2.0,0.0,0.0,1.0,0.023402778,3.0,0.05124492,8.5,0.1811225
7.0,55.57143,0.85714287,0.71428573,1.7142857,1.8333334,0.0,0.0,1.0,0.025138889,1.5714285,0.05285957,4.714286,0.0
6.0,77.833336,1.0,1.3333334,2.0,2.2,0.0,0.0,1.0,0.025,2.3333333,0.047885977,5.6666665,0.16171934
6.0,125.083336,1.3333334,1.6666666,2.0,2.2,1.0,0.0,1.0,0.039861113,3.0,0.057845548,8.0,0.15914392
6.0,95.666664,1.5,2.1666667,1.1666666,1.2,1.0,0.0,1.0,0.03263889,3.6666667,0.07972427,8.833333,0.19463456
8.0,51.9375,1.0,1.0,1.75,2.0,1.0,0.0,1.0,0.019097222,2.0,0.064197585,5.375,0.0
5.0,99.7,1.0,0.4,2.0,2.25,1.0,0.0,1.0,0.031597223,1.4,0.06477271,4.4,0.19190314
6.0,195.91667,1.1666666,1.3333334,2.0,2.2,0.0,0.0,1.0,0.069861114,2.5,0.039259844,8.333333,0.21131733
8.0,47.5625,1.5,1.125,2.0,2.142857,1.0,0.0,1.0,0.023125,2.625,0.062352587,7.875,0.0
7.0,48.785713,1.2857143,1.4285715,2.0,2.1666667,1.0,0.0,1.0,0.019305555,2.7142856,0.068408094,6.857143,0.0
6.0,60.666668,1.6666666,1.3333334,1.6666666,1.8,1.0,0.0,1.0,0.023472222,3.0,0.058568936,9.333333,0.16495794
6.0,138.58333,1.3333334,1.0,2.0,2.2,1.0,0.0,1.0,0.055416666,2.3333333,0.044084314,6.1666665,0.18041153
6.0,103.166664,1.8333334,1.3333334,1.6666666,2.2,1.0,0.0,1.0,0.034930557,3.1666667,0.05355359,6.3333335,0.2063037
8.0,47.8125,1.375,1.375,1.25,1.4285715,1.0,0.0,1.0,0.029166667,2.75,0.04557139,5.625,0.12344668
6.0,64.333336,1.1666666,1.0,2.0,2.2,1.0,0.0,1.0,0.02861111,2.1666667,0.0587771,7.6666665,0.16515192
6.0,146.41667,2.0,1.5,2.0,2.2,1.0,0.0,1.0,0.05076389,3.5,0.0389484,9.333333,-0.26567787
7.0,46.57143,0.85714287,0.71428573,1.7142857,2.0,1.0,0.0,1.0,0.020625,1.5714285,0.03935438,4.571429,0.14130135
8.0,45.375,1.5,1.375,2.0,2.142857,0.0,0.0,1.0,0.027638888,2.875,0.059861545,6.25,0.051883977
5.0,100.5,1.6,1.8,1.2,1.25,1.0,0.0,1.0,0.030694444,3.4,0.037210274,9.2,0.19246009
5.0,63.5,0.8,0.6,2.0,2.25,1.0,0.0,1.0,0.017847221,1.4,0.03712675,4.4,0.19667444
6.0,133.33333,1.1666666,0.8333333,1.0,1.2,1.0,0.0,1.0,0.04909722,2.0,0.058729295,6.3333335,0.16019545
8.0,47.125,0.75,0.625,2.0,2.142857,0.0,0.0,1.0,0.023472222,1.375,0.057596575,4.375,0.0
6.0,62.083332,1.6666666,1.6666666,2.0,2.2,1.0,0.0,1.0,0.025277779,3.3333333,0.057206426,8.333333,-0.115534216
6.0,121.666664,1.1666666,1.1666666,2.0,2.2,1.0,0.0,1.0,0.032222223,2.3333333,0.03840574,6.8333335,0.0
6.0,144.83333,2.0,2.0,1.1666666,1.2,1.0,0.0,1.0,0.05659722,4.0,0.038894054,12.0,0.0
6.0,124.5,1.3333334,0.6666667,2.0,2.2,1.0,0.0,1.0,0.037916668,2.0,0.060143594,4.5,0.07311885
7.0,54.142857,1.4285715,1.1428572,2.0,2.1666667,1.0,0.0,1.0,0.02388889,2.5714285,0.06601885,7.0,0.0
6.0,55.166668,1.6666666,1.3333334,2.0,2.2,1.0,0.0,1.0,0.021805555,3.0,0.06650743,6.1666665,0.0
4.0,132.25,1.75,1.5,2.0,2.3333333,1.0,0.0,1.0,0.038472224,3.25,0.04877782,9.25,0.23095068
7.0,54.42857,1.1428572,1.5714285,2.0,2.1666667,1.0,0.0,1.0,0.023472222,2.7142856,0.057418544,7.714286,0.0
6.0,82.166664,1.3333334,1.1666666,2.0,2.2,1.0,0.0,1.0,0.027986111,2.5,0.059292592,7.6666665,0.11791583
6.0,83.75,1.3333334,1.3333334,1.1666666,1.4,1.0,0.0,1.0,0.030277777,2.6666667,0.061859403,6.5,-0.14747989
8.0,40.6875,0.875,1.0,1.5,1.5714285,1.0,0.0,1.0,0.019027777,1.875,0.06580255,5.5,0.0
6.0,39.5,1.0,0.6666667,2.0,2.2,1.0,0.0,1.0,0.013263889,1.6666666,0.060630023,5.3333335,0.16417734
6.0,160.33333,1.1666666,1.0,2.0,2.2,1.0,0.0,1.0,0.0475,2.1666667,0.06926733,6.5,0.15658396
7.0,48.42857,1.1428572,1.1428572,1.0,1.5,1.0,0.0,1.0,0.022430556,2.2857144,0.061308246,5.142857,0.0
8.0,51.75,1.125,0.875,1.875,2.0,1.0,0.0,1.0,0.029375,2.0,0.06969218,6.5,0.16754973
5.0,150.8,2.4,1.2,1.8,2.25,1.0,0.0,1.0,0.041944444,3.6,0.034361254,10.2,0.19450748
6.0,151.5,1.6666666,1.6666666,1.5,1.8,1.0,0.0,1.0,0.055416666,3.3333333,0.046714272,10.0,0.0
6.0,32.0,1.3333334,1.0,1.0,2.2,1.0,0.0,1.0,0.014930556,2.3333333,0.06601122,5.3333335,0.0
7.0,41.142857,1.5714285,1.2857143,1.7142857,2.0,1.0,0.0,1.0,0.017916666,2.857143,0.05044658,7.571429,0.0
8.0,49.3125,1.5,1.5,1.375,1.5714285,1.0,0.0,1.0,0.03138889,3.0,0.073248245,7.75,0.0
8.0,43.8125,2.0,1.875,1.75,1.8571428,0.0,0.0,1.0,0.025555555,3.875,0.07346272,8.0,-0.15406094
7.0,46.642857,0.71428573,0.5714286,0.71428573,0.6666667,1.0,0.0,1.0,0.020208333,1.2857143,0.0700209,3.7142856,0.0
5.0,106.3,1.8,2.0,2.0,2.25,1.0,0.0,1.0,0.027638888,3.8,0.06869726,10.0,-0.20489797
6.0,111.75,1.5,1.1666666,2.0,2.2,1.0,0.0,1.0,0.038194444,2.6666667,0.0700835,8.0,-0.06570702
7.0,55.357143,1.0,0.85714287,1.8571428,2.0,1.0,0.0,1.0,0.020763889,1.8571428,0.07801562,5.714286,0.14012864
5.0,95.9,2.2,2.4,2.0,2.25,1.0,0.0,1.0,0.028819444,4.6,0.041217905,12.0,0.12661645
6.0,157.33333,2.6666667,2.3333333,2.0,2.2,1.0,0.0,0.0,0.059375,5.0,0.066820666,10.333333,0.2100624
6.0,41.0,1.0,0.6666667,1.8333334,2.0,1.0,0.0,1.0,0.012986111,1.6666666,0.066325866,5.1666665,0.0
8.0,43.1875,1.0,1.0,1.125,1.4285715,1.0,0.0,1.0,0.022708334,2.0,0.051773652,4.5,0.0
8.0,45.5,0.875,0.75,1.375,1.4285715,1.0,0.0,1.0,0.022916667,1.625,0.0485394,4.125,0.16623455
6.0,170.41667,1.3333334,1.5,2.0,2.2,0.0,0.0,1.0,0.072847225,2.8333333,0.042166,8.0,0.16079451
6.0,172.08333,2.0,1.5,1.5,1.6,1.0,0.0,1.0,0.052430555,3.5,0.044657223,10.0,0.20408116
6.0,68.25,1.0,0.8333333,1.8333334,2.2,1.0,0.0,1.0,0.03013889,1.8333334,0.057122283,5.8333335,0.20739369
8.0,54.1875,1.25,1.0,1.25,1.7142857,1.0,0.0,1.0,0.027013889,2.25,0.05271116,6.125,0.12378248
6.0,114.0,1.5,1.1666666,1.6666666,1.8,1.0,0.0,1.0,0.04972222,2.6666667,0.04555941,7.1666665,0.16034393
6.0,202.5,1.5,1.3333334,2.0,2.2,1.0,0.0,1.0,0.07111111,2.8333333,0.05325835,8.166667,0.16395001
6.0,128.08333,1.0,1.5,2.0,2.2,1.0,0.0,1.0,0.04159722,2.5,0.041257393,7.1666665,0.15726429
7.0,56.214287,1.4285715,1.2857143,1.2857143,1.6666666,1.0,0.0,1.0,0.027361112,2.7142856,0.07590601,8.285714,0.21992171
7.0,43.142857,2.0,1.4285715,1.8571428,2.0,1.0,0.0,1.0,0.022291666,3.4285715,0.07560138,9.142858,0.14258711
8.0,50.875,1.375,1.0,1.875,2.0,1.0,0.0,0.0,0.026875,2.375,0.072605565,6.5,0.0
5.0,105.6,2.0,1.4,1.4,1.5,1.0,0.0,1.0,0.033680554,3.4,0.073424876,6.8,-0.23722994
6.0,129.08333,1.1666666,1.0,1.8333334,2.0,1.0,0.0,1.0,0.0575,2.1666667,0.037518553,6.1666665,0.15979148
9.0,58.444443,1.1111112,1.1111112,1.7777778,2.0,0.0,0.0,1.0,0.032291666,2.2222223,0.047257103,5.111111,0.0
6.0,158.91667,0.8333333,1.1666666,2.0,2.2,1.0,0.0,1.0,0.05076389,2.0,0.046777703,5.6666665,0.19766825
6.0,171.33333,1.6666666,1.8333334,2.0,2.2,1.0,0.0,1.0,0.060416665,3.5,0.032406975,11.0,0.008951362
7.0,45.92857,2.0,1.1428572,1.8571428,2.1666667,1.0,0.0,0.0,0.021736111,3.142857,0.0747316,6.285714,0.14032543
7.0,66.35714,1.4285715,1.4285715,2.0,2.1666667,0.0,0.0,1.0,0.026944444,2.857143,0.04547735,8.0,0.0
5.0,72.6,2.0,1.8,2.0,2.25,1.0,0.0,1.0,0.022291666,3.8,0.049476005,8.4,0.19627632
6.0,204.58333,2.0,1.0,2.0,2.2,1.0,0.0,1.0,0.079166666,3.0,0.04002363,6.0,0.16015847
6.0,126.416664,2.0,2.3333333,1.3333334,1.4,1.0,0.0,1.0,0.041944444,4.3333335,0.053960886,11.166667,0.0
8.0,47.3125,2.25,2.25,1.375,1.7142857,1.0,0.0,1.0,0.022708334,4.5,0.065750174,9.5,0.12300809
5.0,105.6,2.0,2.0,2.0,2.25,1.0,0.0,1.0,0.030347222,4.0,0.060541548,11.4,0.1937779
6.0,138.58333,1.1666666,2.0,1.5,1.8,1.0,0.0,1.0,0.04777778,3.1666667,0.041051973,8.166667,0.0
8.0,47.8125,0.75,0.75,1.75,2.142857,0.0,0.0,1.0,0.020763889,1.5,0.056263693,4.5,0.12378248
6.0,118.166664,3.0,2.0,2.0,2.2,1.0,0.0,0.0,0.053402778,5.0,0.053209964,13.333333,-0.16139911
4.0,100.25,1.0,0.5,2.0,2.3333333,1.0,0.0,1.0,0.018541666,1.5,0.037190627,4.25,0.24079005
8.0,50.625,1.125,1.5,1.625,1.8571428,1.0,0.0,1.0,0.020763889,2.625,0.05587104,5.875,0.123280995
5.0,63.5,1.0,0.8,1.6,2.0,1.0,0.0,1.0,0.015416667,1.8,0.06091892,5.0,0.19429213
6.0,110.5,0.8333333,0.6666667,2.0,2.2,1.0,0.0,1.0,0.036180556,1.5,0.05263521,4.5,0.20600756
6.0,118.5,1.0,1.0,2.0,2.2,1.0,0.0,1.0,0.039375,2.0,0.057520162,7.0,0.15910843
7.0,40.5,1.5714285,1.4285715,1.2857143,1.3333334,1.0,0.0,1.0,0.02111111,3.0,0.062184274,8.142858,0.0
7.0,44.714287,0.71428573,0.42857143,1.8571428,2.0,1.0,0.0,1.0,0.02111111,1.1428572,0.05753866,3.4285715,0.0
5.0,78.1,0.8,0.4,2.0,2.25,1.0,0.0,1.0,0.025208334,1.2,0.044563014,3.6,0.1940247
6.0,123.916664,1.8333334,1.3333334,2.0,2.2,1.0,0.0,1.0,0.049513888,3.1666667,0.05388564,9.666667,0.20670556
7.0,47.92857,1.5714285,1.5714285,1.4285715,1.6666666,1.0,0.0,1.0,0.023472222,3.142857,0.04748644,8.142858,0.0
5.0,52.8,0.8,0.6,2.0,2.25,1.0,0.0,1.0,0.014097222,1.4,0.064003356,4.2,0.0
6.0,108.583336,0.8333333,0.6666667,1.3333334,1.6,1.0,0.0,1.0,0.045277778,1.5,0.04240324,3.0,0.108204156
7.0,50.857143,1.4285715,1.1428572,1.2857143,1.5,1.0,0.0,1.0,0.02236111,2.5714285,0.071069084,6.857143,0.0
7.0,37.42857,0.85714287,0.5714286,2.0,2.1666667,1.0,0.0,1.0,0.016319444,1.4285715,0.054555923,3.7142856,0.0
8.0,55.0,1.875,1.75,0.75,1.8571428,1.0,0.0,1.0,0.024375,3.625,0.056289945,7.75,0.0
5.0,102.8,2.4,2.2,1.4,1.5,1.0,0.0,1.0,0.029861111,4.6,0.05564388,11.4,0.0
6.0,167.41667,0.6666667,0.6666667,1.5,1.6,1.0,0.0,1.0,0.059791666,1.3333334,0.08815599,4.3333335,0.0
7.0,54.785713,1.5714285,1.4285715,2.0,2.1666667,1.0,0.0,1.0,0.022291666,3.0,0.061530497,7.857143,0.0
5.0,84.6,1.4,1.4,1.6,2.25,1.0,0.0,1.0,0.027777778,2.8,0.068918124,8.6,0.0008801763
6.0,174.41667,2.0,1.6666666,1.3333334,1.8,1.0,0.0,1.0,0.064791664,3.6666667,0.04217484,9.666667,0.21489933
6.0,217.25,3.3333333,3.1666667,2.0,2.2,1.0,0.0,1.0,0.06819444,6.5,0.052118164,13.833333,0.0
8.0,40.4375,0.875,1.0,1.875,2.0,1.0,0.0,1.0,0.017847221,1.875,0.05961685,4.125,0.0
5.0,95.9,1.2,0.6,1.2,1.25,1.0,0.0,1.0,0.030902777,1.8,0.061160058,3.6,0.17249845
6.0,87.083336,1.1666666,1.3333334,2.0,2.2,1.0,0.0,1.0,0.028055556,2.5,0.06086077,7.5,0.1635425
8.0,45.875,1.0,1.125,1.75,2.0,1.0,0.0,1.0,0.024305556,2.125,0.05517491,5.5,0.123418964
5.0,117.4,1.6,1.4,2.0,2.25,1.0,0.0,1.0,0.03263889,3.0,0.04344178,8.8,0.0
6.0,149.16667,1.1666666,1.0,1.3333334,1.4,1.0,0.0,1.0,0.05798611,2.1666667,0.053602383,8.166667,0.0
8.0,54.5,1.5,1.75,1.875,2.142857,1.0,0.0,1.0,0.025625,3.25,0.052127507,8.5,0.0
5.0,74.9,1.6,1.4,1.8,2.25,1.0,0.0,1.0,0.021388888,3.0,0.048962146,8.8,0.0
6.0,178.16667,1.1666666,1.0,2.0,2.2,1.0,0.0,1.0,0.057152778,2.1666667,0.04650574,6.3333335,0.16185033
5.0,117.9,1.6,1.6,1.8,2.25,1.0,0.0,1.0,0.034583334,3.2,0.0459059,8.6,0.0
7.0,38.642857,0.71428573,0.42857143,1.1428572,1.8333334,1.0,0.0,1.0,0.01673611,1.1428572,0.06440161,3.4285715,0.0
7.0,50.714287,0.71428573,0.5714286,2.0,2.1666667,1.0,0.0,1.0,0.024305556,1.2857143,0.055348903,4.285714,0.14042446
5.0,52.8,1.6,1.2,1.8,2.0,1.0,0.0,1.0,0.016527778,2.8,0.05273948,6.4,-0.124696806
6.0,101.666664,2.0,2.0,2.0,2.2,1.0,0.0,1.0,0.038263887,4.0,0.045329813,10.5,0.0013091653
7.0,58.5,2.0,2.142857,0.71428573,1.0,1.0,0.0,1.0,0.022430556,4.142857,0.0601369,10.285714,-0.19625893
5.0,68.5,2.0,1.4,2.0,2.25,1.0,0.0,1.0,0.019583333,3.4,0.049701672,9.2,0.22967748
6.0,125.5,1.8333334,1.5,2.0,2.2,1.0,0.0,0.0,0.047986113,3.3333333,0.05150555,8.833333,-0.33390892
6.0,52.916668,1.5,0.33333334,1.1666666,1.6,0.0,0.0,1.0,0.018194444,1.8333334,0.063400604,4.3333335,0.0
8.0,42.875,1.375,1.125,1.375,1.4285715,1.0,0.0,1.0,0.017986111,2.5,0.06955737,7.125,0.12458962
6.0,140.33333,1.6666666,1.3333334,2.0,2.2,1.0,0.0,1.0,0.055208333,3.0,0.04340068,8.666667,0.14360386
6.0,121.416664,1.8333334,1.6666666,2.0,2.2,1.0,0.0,1.0,0.04923611,3.5,0.05917025,10.0,0.0
6.0,176.0,1.6666666,1.3333334,1.8333334,2.0,1.0,0.0,1.0,0.06965278,3.0,0.037789878,10.0,0.15837456
8.0,45.0625,0.75,0.75,1.75,2.0,1.0,0.0,1.0,0.020972222,1.5,0.057655178,3.5,0.12276587
8.0,56.8125,1.0,0.875,1.5,1.8571428,1.0,0.0,1.0,0.033194445,1.875,0.051196363,7.625,0.1700281
6.0,137.0,1.6666666,2.3333333,2.0,2.2,0.0,0.0,1.0,0.051736113,4.0,0.06967565,10.166667,0.0
6.0,142.66667,1.3333334,1.6666666,1.1666666,1.6,1.0,0.0,1.0,0.04402778,3.0,0.06218766,6.6666665,0.0
8.0,58.1875,1.375,1.375,1.25,1.4285715,1.0,0.0,1.0,0.032430556,2.75,0.0729613,6.0,0.0
6.0,131.33333,1.6666666,2.0,1.8333334,2.2,1.0,0.0,1.0,0.043819446,3.6666667,0.05727585,11.333333,0.21262428
6.0,220.66667,2.1666667,3.1666667,1.1666666,1.2,1.0,0.0,1.0,0.07340278,5.3333335,0.053540803,13.5,0.22959495
6.0,87.916664,1.0,0.5,2.0,2.2,1.0,0.0,1.0,0.036111113,1.5,0.069151044,4.6666665,0.16434902
8.0,45.5,0.75,0.625,2.0,2.142857,1.0,0.0,1.0,0.02236111,1.375,0.056395758,3.0,0.12336365
6.0,103.25,0.8333333,0.8333333,0.8333333,0.8,1.0,0.0,1.0,0.043055557,1.6666666,0.048248403,4.5,0.0
6.0,121.333336,1.1666666,0.8333333,2.0,2.2,1.0,0.0,1.0,0.04451389,2.0,0.052770384,5.5,0.0
6.0,23.166666,0.8333333,0.6666667,1.0,1.8,1.0,0.0,1.0,0.009097222,1.5,0.089924045,4.1666665,0.0
7.0,50.857143,1.1428572,0.85714287,1.8571428,2.1666667,1.0,0.0,1.0,0.021666666,2.0,0.06710026,5.714286,0.0
8.0,41.6875,1.25,1.125,1.0,1.7142857,1.0,0.0,1.0,0.020069445,2.375,0.049881123,7.25,0.0
8.0,45.4375,0.875,0.5,1.75,1.8571428,1.0,0.0,1.0,0.024930555,1.375,0.07011474,3.875,0.12386736
8.0,47.4375,0.75,0.625,2.0,2.142857,1.0,0.0,1.0,0.028541667,1.375,0.055503048,3.75,0.16995884
7.0,57.642857,2.0,2.0,1.7142857,2.0,1.0,0.0,1.0,0.0275,4.0,0.04645209,10.285714,0.14116424
5.0,86.1,1.2,0.8,2.0,2.25,1.0,0.0,1.0,0.026805555,2.0,0.04643042,4.2,0.1931818
6.0,94.0,1.5,1.0,1.8333334,2.0,1.0,0.0,1.0,0.045,2.5,0.05898997,7.5,0.0
6.0,105.583336,2.5,2.3333333,1.8333334,2.0,1.0,0.0,1.0,0.03138889,4.8333335,0.061844315,12.5,0.22325933
8.0,49.1875,0.875,1.0,1.75,2.0,1.0,0.0,1.0,0.024583334,1.875,0.051350337,6.125,0.0
5.0,120.8,1.6,1.2,1.8,2.25,1.0,0.0,0.0,0.030069444,2.8,0.054247178,5.6,0.16046973
6.0,90.0,0.6666667,0.6666667,1.8333334,2.2,1.0,0.0,1.0,0.028819444,1.3333334,0.070247054,5.0,0.16247457
6.0,150.91667,1.3333334,1.0,1.8333334,2.2,1.0,0.0,1.0,0.04326389,2.3333333,0.05561229,6.5,0.16382082
8.0,44.375,1.375,1.375,1.5,1.8571428,1.0,0.0,1.0,0.02375,2.75,0.06256503,6.0,0.123418964
5.0,47.2,1.6,1.0,2.0,2.25,1.0,0.0,1.0,0.016805556,2.6,0.066071615,6.8,0.19852778
6.0,122.833336,1.6666666,1.6666666,1.8333334,2.2,1.0,0.0,1.0,0.03729167,3.3333333,0.06598486,9.166667,-0.15859023
6.0,111.166664,1.0,1.3333334,2.0,2.2,1.0,0.0,1.0,0.03722222,2.3333333,0.053748276,5.0,0.0
8.0,53.1875,1.625,1.375,1.125,1.5714285,1.0,0.0,1.0,0.02673611,3.0,0.068869695,7.875,0.0
5.0,82.5,1.0,0.8,1.6,2.25,0.0,0.0,1.0,0.023055555,1.8,0.04656986,5.6,0.0
6.0,102.416664,1.6666666,1.3333334,1.3333334,1.4,1.0,0.0,1.0,0.045416668,3.0,0.048522394,6.0,0.16136877
6.0,170.41667,1.1666666,1.6666666,2.0,2.2,1.0,0.0,1.0,0.065972224,2.8333333,0.04426964,8.333333,-0.15423071
7.0,37.714287,1.4285715,2.0,1.0,1.5,1.0,0.0,1.0,0.018888889,3.4285715,0.063800834,8.857142,0.0
7.0,46.214287,1.5714285,1.4285715,1.2857143,1.3333334,1.0,0.0,0.0,0.023472222,3.0,0.0575306,9.142858,0.0
8.0,49.25,2.0,2.0,1.875,2.0,1.0,0.0,1.0,0.021041667,4.0,0.04740735,10.625,0.17881565
5.0,111.4,1.4,1.6,2.0,2.25,1.0,0.0,1.0,0.031111112,3.0,0.052013643,8.4,0.19434585
6.0,115.5,2.0,1.6666666,1.6666666,1.8,1.0,0.0,1.0,0.04159722,3.6666667,0.05267516,7.8333335,0.20468692
6.0,59.166668,1.5,1.0,2.0,2.2,1.0,0.0,1.0,0.022569444,2.5,0.0439028,7.3333335,0.0
5.0,160.6,1.8,1.6,2.0,2.25,1.0,0.0,1.0,0.049375,3.4,0.03410048,10.4,0.23116276
6.0,103.833336,0.8333333,1.0,1.6666666,2.2,1.0,0.0,1.0,0.04451389,1.8333334,0.0649565,5.3333335,0.0
6.0,95.916664,0.8333333,0.6666667,2.0,2.2,1.0,0.0,1.0,0.034583334,1.5,0.058929358,4.1666665,0.14188492
6.0,49.25,1.5,1.1666666,1.3333334,1.4,1.0,0.0,1.0,0.016597223,2.6666667,0.063833974,8.333333,0.16434902
7.0,38.785713,1.0,0.85714287,1.1428572,1.3333334,1.0,0.0,1.0,0.018472223,1.8571428,0.051626068,5.714286,0.14140472
8.0,38.3125,2.375,2.875,1.5,1.5714285,1.0,0.0,1.0,0.018472223,5.25,0.060589496,13.375,0.18375511
8.0,50.8125,1.75,1.625,1.125,1.2857143,1.0,0.0,1.0,0.023472222,3.375,0.056012806,8.75,-0.18055826
6.0,237.16667,1.6666666,1.3333334,2.0,2.2,1.0,0.0,1.0,0.092083335,3.0,0.048914127,6.6666665,0.20940816
6.0,195.66667,1.0,1.0,1.6666666,1.8,1.0,0.0,1.0,0.07909722,2.0,0.038545854,5.5,0.2127717
8.0,57.375,0.625,0.5,1.625,1.7142857,1.0,0.0,1.0,0.028055556,1.125,0.071986385,3.5,0.12265923
6.0,99.0,1.5,1.3333334,2.0,2.2,1.0,0.0,1.0,0.031180555,2.8333333,0.046006747,7.8333335,-0.07227885
6.0,175.0,1.3333334,1.6666666,2.0,2.2,0.0,0.0,1.0,0.06458333,3.0,0.042605612,8.833333,0.0
7.0,50.142857,1.1428572,1.0,1.2857143,1.5,1.0,0.0,1.0,0.021319445,2.142857,0.07004673,6.0,0.14072421
7.0,34.5,1.1428572,1.0,1.4285715,1.5,0.0,0.0,1.0,0.014513889,2.142857,0.0626089,4.857143,0.0
8.0,62.625,2.375,2.875,0.375,0.85714287,1.0,0.0,0.0,0.032847222,5.25,0.049971454,11.125,0.18520883
7.0,30.571428,1.0,0.71428573,1.4285715,1.8333334,1.0,0.0,1.0,0.015277778,1.7142857,0.06135673,5.142857,0.1419638
7.0,50.357143,1.1428572,1.0,1.8571428,2.0,1.0,0.0,1.0,0.019236112,2.142857,0.053039003,5.714286,0.1403914
7.0,56.214287,1.5714285,1.7142857,1.5714285,1.6666666,1.0,0.0,1.0,0.022083333,3.2857144,0.06466598,7.142857,-0.13988496
6.0,101.083336,1.6666666,2.0,2.0,2.2,1.0,0.0,1.0,0.045416668,3.6666667,0.05308741,10.666667,0.16835952
6.0,137.16667,1.0,0.8333333,2.0,2.2,1.0,0.0,1.0,0.054652777,1.8333334,0.051875286,5.5,0.16060583
7.0,46.714287,1.4285715,1.1428572,2.0,2.1666667,1.0,0.0,1.0,0.018333333,2.5714285,0.060030144,7.0,0.0
8.0,52.1875,1.0,0.625,1.875,2.142857,1.0,0.0,1.0,0.026180556,1.625,0.07464323,5.0,0.1889241
8.0,40.8125,1.375,1.125,1.625,1.8571428,1.0,0.0,1.0,0.020763889,2.5,0.05633718,6.625,0.12358587
8.0,45.6875,1.0,1.0,1.25,1.5714285,1.0,0.0,1.0,0.019652778,2.0,0.0630472,5.5,0.0
7.0,45.42857,1.7142857,1.0,1.1428572,1.5,1.0,0.0,1.0,0.022222223,2.7142856,0.05227358,8.571428,0.14102796
6.0,135.91667,1.1666666,1.0,1.1666666,1.2,1.0,0.0,1.0,0.054097224,2.1666667,0.05987024,6.6666665,0.16004781
6.0,143.41667,2.0,1.8333334,1.8333334,2.0,1.0,0.0,1.0,0.05652778,3.8333333,0.050800685,10.5,0.0
7.0,49.785713,0.42857143,0.14285715,1.8571428,2.1666667,1.0,0.0,1.0,0.024097223,0.5714286,0.066348046,2.142857,0.0
6.0,46.083332,1.0,0.6666667,1.3333334,2.0,1.0,0.0,1.0,0.014652777,1.6666666,0.05217087,3.6666667,-0.0655888
6.0,107.25,1.3333334,1.1666666,2.0,2.2,1.0,0.0,1.0,0.039791666,2.5,0.053693593,5.6666665,0.20748958
6.0,147.16667,1.1666666,1.5,2.0,2.2,1.0,0.0,1.0,0.05576389,2.6666667,0.049447462,5.6666665,0.2608005
6.0,66.416664,2.1666667,1.6666666,2.0,2.2,1.0,0.0,0.0,0.022638889,3.8333333,0.04565555,12.0,-0.2416401
7.0,37.785713,1.2857143,1.4285715,1.4285715,1.5,1.0,0.0,1.0,0.016319444,2.7142856,0.063157916,6.0,0.0
6.0,46.5,0.5,0.33333334,1.8333334,2.0,1.0,0.0,1.0,0.019097222,0.8333333,0.05368385,3.5,0.16504596
7.0,40.785713,1.5714285,1.8571428,2.0,2.1666667,1.0,0.0,1.0,0.017222222,3.4285715,0.05738754,8.714286,0.0
7.0,60.57143,2.0,2.0,1.1428572,1.6666666,1.0,0.0,1.0,0.027916666,4.0,0.046103556,10.285714,0.0
8.0,43.0625,2.625,2.375,1.75,1.8571428,1.0,0.0,1.0,0.019722221,5.0,0.049857836,12.625,-0.2790865
8.0,52.3125,1.625,0.875,2.0,2.142857,0.0,0.0,1.0,0.029583333,2.5,0.060090233,7.125,0.16620547
6.0,123.5,1.1666666,0.8333333,1.6666666,2.2,1.0,0.0,0.0,0.047986113,2.0,0.054482274,4.1666665,0.14536157
6.0,98.25,2.0,1.1666666,1.8333334,2.2,1.0,0.0,1.0,0.026597222,3.1666667,0.07825215,10.333333,0.17607501
6.0,48.083332,0.6666667,0.5,1.8333334,2.0,1.0,0.0,1.0,0.019305555,1.1666666,0.07579064,3.6666667,0.0
8.0,57.9375,2.125,2.0,2.0,2.142857,0.0,0.0,1.0,0.029791666,4.125,0.051481172,10.75,0.16712445
8.0,35.6875,1.625,1.375,0.875,1.1428572,1.0,0.0,1.0,0.017361112,3.0,0.051339436,7.75,-0.13329856
8.0,57.6875,0.75,0.625,1.875,2.0,0.0,0.0,1.0,0.025972223,1.375,0.061759148,4.125,0.18941364
8.0,65.1875,1.5,1.0,1.25,2.0,0.0,0.0,1.0,0.03048611,2.5,0.048582274,7.0,0.1662872
6.0,165.33333,1.6666666,1.5,2.0,2.2,0.0,0.0,1.0,0.061527777,3.1666667,0.058006845,6.3333335,0.15942968
6.0,116.666664,2.3333333,2.0,2.0,2.2,1.0,0.0,1.0,0.042013887,4.3333335,0.049348857,11.0,0.0
8.0,58.8125,2.0,2.125,1.875,2.0,0.0,0.0,1.0,0.02638889,4.125,0.05141657,8.25,-0.18331496
6.0,44.916668,1.3333334,1.0,1.5,1.8,1.0,0.0,1.0,0.0147916665,2.3333333,0.067797825,7.3333335,0.0
6.0,39.833332,1.3333334,1.1666666,1.1666666,1.2,1.0,0.0,1.0,0.014375,2.5,0.07963767,5.6666665,-0.04795603
7.0,45.857143,1.8571428,1.7142857,1.7142857,2.1666667,0.0,0.0,1.0,0.019861111,3.5714285,0.051201284,7.428571,0.19202773
6.0,82.75,2.5,2.1666667,1.3333334,1.6,1.0,0.0,0.0,0.027986111,4.6666665,0.068976134,9.5,0.19974725
6.0,75.666664,1.5,1.3333334,2.0,2.2,1.0,0.0,1.0,0.034027778,2.8333333,0.051099405,9.833333,0.0
6.0,104.916664,1.3333334,1.0,2.0,2.2,1.0,0.0,1.0,0.034791667,2.3333333,0.05702728,7.3333335,0.0
8.0,55.0625,1.375,1.375,0.375,1.2857143,1.0,0.0,1.0,0.024166666,2.75,0.065120436,8.25,0.0
6.0,69.333336,1.1666666,1.5,2.0,2.2,1.0,0.0,1.0,0.023819445,2.6666667,0.062197786,8.833333,0.2008647
6.0,181.66667,2.0,1.8333334,2.0,2.2,1.0,0.0,1.0,0.063194446,3.8333333,0.05399955,11.166667,0.18369499
6.0,116.833336,2.0,2.1666667,2.0,2.2,1.0,0.0,1.0,0.041458335,4.1666665,0.06320012,10.833333,0.2073349
8.0,45.1875,1.125,1.125,1.625,1.8571428,1.0,0.0,1.0,0.0225,2.25,0.060275268,5.875,0.0
6.0,161.66667,1.8333334,1.6666666,2.0,2.2,1.0,0.0,1.0,0.050069444,3.5,0.049182884,9.166667,0.16207448
6.0,108.5,1.0,0.8333333,2.0,2.2,1.0,0.0,1.0,0.046041667,1.8333334,0.047825597,5.6666665,0.16121443
8.0,48.4375,1.0,0.75,1.875,2.0,1.0,0.0,1.0,0.026180556,1.75,0.049326185,3.625,-0.15055928
8.0,39.9375,1.875,1.5,1.875,2.0,1.0,0.0,1.0,0.020694444,3.375,0.06036576,7.25,0.0
8.0,51.5,1.25,1.125,0.75,0.85714287,1.0,0.0,1.0,0.025833333,2.375,0.06044572,6.75,0.12290004
6.0,209.58333,1.8333334,1.8333334,1.0,1.6,1.0,0.0,1.0,0.091875,3.6666667,0.05626945,10.166667,0.20105584
6.0,145.41667,1.8333334,1.8333334,2.0,2.2,0.0,0.0,1.0,0.05590278,3.6666667,0.057026748,10.5,0.15830581
6.0,38.0,1.6666666,1.5,1.8333334,2.0,1.0,0.0,1.0,0.014097222,3.1666667,0.06665729,7.0,0.0
8.0,43.625,1.625,1.0,1.5,1.8571428,1.0,0.0,1.0,0.027777778,2.625,0.046482287,7.125,0.123418964
7.0,54.57143,1.0,1.0,1.7142857,2.1666667,1.0,0.0,1.0,0.0225,2.0,0.06410227,6.0,0.0
6.0,133.41667,0.8333333,1.1666666,2.0,2.2,1.0,0.0,1.0,0.039861113,2.0,0.04652037,5.1666665,0.20265023
6.0,207.25,1.1666666,1.6666666,1.8333334,2.2,1.0,0.0,1.0,0.06611111,2.8333333,0.038559806,8.166667,0.20484369
6.0,108.166664,1.6666666,1.5,2.0,2.2,1.0,0.0,1.0,0.039583333,3.1666667,0.04327062,8.833333,0.2113282
7.0,45.785713,1.8571428,1.7142857,1.1428572,1.1666666,1.0,0.0,1.0,0.019513888,3.5714285,0.060841583,7.714286,0.0
7.0,45.0,1.2857143,1.1428572,2.0,2.1666667,1.0,0.0,1.0,0.02,2.4285715,0.056643974,6.857143,0.18767339
7.0,53.642857,1.1428572,0.85714287,1.7142857,2.0,1.0,0.0,1.0,0.027013889,2.0,0.050273243,5.428571,0.13993359
7.0,56.07143,1.2857143,1.1428572,1.8571428,2.1666667,1.0,0.0,1.0,0.026458334,2.4285715,0.04764859,6.571429,0.14079136
6.0,155.83333,2.0,2.0,1.6666666,2.2,0.0,0.0,1.0,0.082777776,4.0,0.046494417,12.0,-0.07222115
6.0,123.333336,2.1666667,0.8333333,1.8333334,2.2,1.0,0.0,1.0,0.043402776,3.0,0.043995004,9.0,-0.017205203
6.0,58.083332,1.1666666,1.1666666,1.8333334,2.2,1.0,0.0,1.0,0.019652778,2.3333333,0.07935569,6.1666665,0.0
7.0,39.0,1.5714285,1.2857143,2.0,2.1666667,1.0,0.0,1.0,0.015833333,2.857143,0.069142394,8.857142,0.0
8.0,33.3125,1.875,1.5,1.875,2.0,1.0,0.0,1.0,0.018680556,3.375,0.062089168,6.75,-0.13519269
8.0,39.375,1.5,1.25,1.5,1.8571428,0.0,0.0,1.0,0.022777777,2.75,0.059479497,6.0,0.0
6.0,54.416668,0.8333333,0.6666667,1.5,1.6,1.0,0.0,1.0,0.020416666,1.5,0.04755519,3.8333333,0.20425218
6.0,150.41667,1.3333334,0.8333333,2.0,2.2,1.0,0.0,1.0,0.055069443,2.1666667,0.041990068,7.0,0.15844353
6.0,222.08333,1.8333334,1.6666666,1.3333334,1.6,1.0,0.0,1.0,0.07722222,3.5,0.04182454,7.3333335,0.15431805
6.0,184.66667,1.3333334,0.8333333,2.0,2.2,1.0,0.0,1.0,0.065694444,2.1666667,0.050218176,4.6666665,0.09183062
8.0,57.3125,0.875,0.625,1.875,2.0,0.0,0.0,1.0,0.027569445,1.5,0.04901535,4.75,0.12355795
6.0,129.33333,1.8333334,1.3333334,2.0,2.2,1.0,0.0,1.0,0.03340278,3.1666667,0.055653732,7.3333335,-0.07739627
6.0,230.75,1.5,1.3333334,1.8333334,2.2,1.0,0.0,1.0,0.08513889,2.8333333,0.05066439,7.8333335,0.133057
7.0,45.07143,1.2857143,1.2857143,1.8571428,2.1666667,1.0,0.0,1.0,0.020972222,2.5714285,0.04411449,8.428572,0.0
8.0,59.6875,2.0,1.625,1.0,1.1428572,1.0,0.0,0.0,0.030277777,3.625,0.07142649,9.5,0.0
6.0,170.08333,2.0,1.6666666,2.0,2.2,0.0,0.0,1.0,0.060555555,3.6666667,0.04039098,11.333333,0.042826436
6.0,175.0,1.0,1.0,2.0,2.2,0.0,0.0,1.0,0.069861114,2.0,0.04684491,6.0,0.0
6.0,43.833332,0.8333333,0.6666667,1.8333334,2.2,1.0,0.0,1.0,0.015277778,1.5,0.051969472,3.8333333,0.16588022
7.0,50.5,1.5714285,1.1428572,1.7142857,2.0,1.0,0.0,1.0,0.022222223,2.7142856,0.057798024,7.714286,0.14075775
6.0,114.75,1.3333334,1.3333334,2.0,2.2,1.0,0.0,1.0,0.03652778,2.6666667,0.06449444,7.8333335,0.0
6.0,94.583336,0.8333333,0.6666667,2.0,2.2,1.0,0.0,1.0,0.040694445,1.5,0.057007216,5.0,0.0
6.0,57.083332,1.1666666,1.6666666,2.0,2.2,0.0,0.0,1.0,0.020833334,2.8333333,0.05165953,6.8333335,-0.06389168
5.0,86.9,1.4,1.2,1.8,2.0,1.0,0.0,1.0,0.025902778,2.6,0.06374024,6.6,0.11737038
6.0,127.5,1.8333334,1.1666666,1.8333334,2.0,1.0,0.0,1.0,0.03375,3.0,0.06975461,6.1666665,0.0
8.0,40.1875,1.25,1.125,0.875,1.1428572,1.0,0.0,1.0,0.020347223,2.375,0.050796904,5.25,0.12426852
4.0,73.0,1.0,0.75,1.0,1.3333334,1.0,0.0,1.0,0.020763889,1.75,0.032921564,5.5,0.23950443
6.0,91.25,2.0,2.0,1.1666666,1.8,1.0,0.0,1.0,0.035,4.0,0.041995093,11.0,0.16292144
6.0,59.75,1.6666666,2.6666667,2.0,2.2,1.0,0.0,1.0,0.024722222,4.3333335,0.058784347,13.166667,0.2002407
6.0,53.833332,1.0,0.8333333,2.0,2.2,0.0,0.0,1.0,0.020347223,1.8333334,0.04717029,5.6666665,0.0
6.0,50.75,1.0,0.8333333,2.0,2.2,1.0,0.0,1.0,0.018819444,1.8333334,0.07939275,4.0,-0.04667569
6.0,144.75,1.8333334,1.6666666,1.5,1.6,0.0,0.0,1.0,0.049444444,3.5,0.05267416,8.833333,0.15882629
6.0,55.166668,1.8333334,1.5,2.0,2.2,0.0,0.0,1.0,0.020347223,3.3333333,0.049745794,7.5,0.0
8.0,47.375,1.375,1.0,1.25,1.4285715,1.0,0.0,1.0,0.026805555,2.375,0.06942385,6.875,0.1230352
4.0,97.125,0.75,0.5,2.0,2.3333333,1.0,0.0,1.0,0.021666666,1.25,0.04972291,4.75,0.23603942
6.0,119.666664,1.6666666,1.5,2.0,2.2,1.0,0.0,1.0,0.04840278,3.1666667,0.04994203,9.666667,0.21059498
7.0,44.857143,1.2857143,1.2857143,1.7142857,2.0,1.0,0.0,1.0,0.02298611,2.5714285,0.06826683,6.714286,0.0
6.0,88.416664,0.5,0.33333334,1.8333334,2.2,1.0,0.0,1.0,0.031805556,0.8333333,0.055268575,2.6666667,0.16199516
6.0,243.58333,1.8333334,1.1666666,1.3333334,2.2,1.0,0.0,1.0,0.1,3.0,0.041347034,8.0,0.2192364
8.0,44.375,0.75,0.25,1.625,2.0,1.0,0.0,1.0,0.024027778,1.0,0.050294448,2.125,0.1499175
6.0,153.66667,1.6666666,1.1666666,2.0,2.2,1.0,0.0,1.0,0.05951389,2.8333333,0.054990306,6.0,-0.17135718
6.0,157.91667,1.8333334,1.5,2.0,2.2,1.0,0.0,1.0,0.06826389,3.3333333,0.0537907,10.333333,0.15706788
8.0,53.1875,0.75,0.75,1.75,1.8571428,1.0,0.0,1.0,0.025277779,1.5,0.061456632,5.25,0.0
6.0,147.66667,1.6666666,1.5,1.5,1.6,1.0,0.0,0.0,0.062222224,3.1666667,0.047768243,6.3333335,-0.18533632
6.0,113.25,1.8333334,2.8333333,2.0,2.2,1.0,0.0,1.0,0.031180555,4.6666665,0.055293128,9.5,0.16254182
8.0,42.9375,1.625,1.25,1.875,2.0,1.0,0.0,1.0,0.02125,2.875,0.058014188,6.25,0.0
10.0,48.65,1.2,1.1,1.6,1.6666666,1.0,0.0,1.0,0.033680554,2.3,0.08245682,5.0,0.139482
8.0,44.25,1.625,1.25,1.875,2.0,1.0,0.0,1.0,0.02,2.875,0.04655338,7.75,0.0
7.0,56.142857,1.7142857,1.7142857,2.0,2.1666667,1.0,0.0,1.0,0.026111111,3.4285715,0.06140527,10.714286,0.0
8.0,46.4375,0.875,1.25,1.0,1.7142857,1.0,0.0,1.0,0.018402778,2.125,0.057269257,4.75,0.0
8.0,52.9375,1.5,1.25,1.875,2.0,1.0,0.0,1.0,0.02388889,2.75,0.049845416,7.25,0.0
6.0,109.333336,1.6666666,1.3333334,2.0,2.2,1.0,0.0,1.0,0.039791666,3.0,0.058389578,6.3333335,0.15799876
6.0,179.5,1.6666666,1.6666666,2.0,2.2,0.0,0.0,1.0,0.05666667,3.3333333,0.034442235,8.333333,0.0
8.0,51.4375,1.375,1.25,2.0,2.142857,1.0,0.0,1.0,0.027291667,2.625,0.05773036,6.875,0.12378248
6.0,66.666664,2.1666667,2.3333333,2.0,2.2,1.0,0.0,1.0,0.023333333,4.5,0.0522247,9.666667,0.0
5.0,180.1,2.0,1.8,2.0,2.25,1.0,0.0,1.0,0.07402778,3.8,0.048341684,11.6,0.20317996
8.0,59.0,1.375,1.0,1.875,2.142857,0.0,0.0,1.0,0.029444445,2.375,0.05029286,4.75,0.0
6.0,157.75,1.8333334,1.6666666,2.0,2.2,1.0,0.0,1.0,0.050277777,3.5,0.063215606,9.5,0.06813658
6.0,187.16667,1.8333334,1.6666666,2.0,2.2,0.0,0.0,1.0,0.07027778,3.5,0.044390064,10.666667,0.20182651
10.0,41.75,1.3,0.2,1.5,1.6666666,1.0,0.0,0.0,0.024097223,1.5,0.07178686,3.0,0.09914078
6.0,74.916664,1.1666666,1.6666666,1.3333334,1.4,1.0,0.0,0.0,0.026527777,2.8333333,0.05307049,8.0,0.16144627
6.0,126.083336,2.1666667,2.5,1.8333334,2.2,1.0,0.0,1.0,0.046041667,4.6666665,0.064483695,11.833333,0.0
6.0,162.0,1.6666666,1.6666666,2.0,2.2,1.0,0.0,1.0,0.051944446,3.3333333,0.053970132,10.166667,0.0
6.0,35.25,1.8333334,1.8333334,0.8333333,1.2,1.0,0.0,1.0,0.014444444,3.6666667,0.06958978,9.5,0.0
7.0,56.142857,1.4285715,1.2857143,1.7142857,2.0,1.0,0.0,0.0,0.026875,2.7142856,0.0509784,7.285714,0.0
7.0,58.42857,1.8571428,1.0,1.2857143,1.6666666,1.0,0.0,1.0,0.023958333,2.857143,0.05924981,6.857143,0.0
8.0,44.5625,1.625,1.625,0.25,0.42857143,1.0,0.0,1.0,0.024027778,3.25,0.05428464,8.625,0.17124864
6.0,72.333336,2.0,2.3333333,1.5,1.6,1.0,0.0,1.0,0.029305555,4.3333335,0.06841126,11.0,0.16247457
6.0,194.66667,1.1666666,1.0,1.0,1.0,0.0,0.0,1.0,0.08298611,2.1666667,0.03269031,7.0,0.1576621
7.0,46.5,1.0,0.85714287,1.8571428,2.1666667,0.0,0.0,1.0,0.018125,1.8571428,0.048973113,5.142857,0.0
6.0,130.91667,1.3333334,1.1666666,2.0,2.2,1.0,0.0,0.0,0.053125,2.5,0.055791248,6.3333335,0.19878814
6.0,125.75,2.0,1.0,2.0,2.2,1.0,0.0,1.0,0.043958332,3.0,0.060207117,6.0,0.04697933
6.0,152.5,1.3333334,1.3333334,2.0,2.2,1.0,0.0,1.0,0.046458334,2.6666667,0.034411956,8.833333,0.0
6.0,35.416668,1.5,1.3333334,1.1666666,1.6,1.0,0.0,1.0,0.012083333,2.8333333,0.060821377,6.3333335,0.0
6.0,56.0,2.1666667,2.0,2.0,2.2,0.0,0.0,1.0,0.020069445,4.1666665,0.050452285,9.0,0.20438008
4.0,80.25,1.25,1.25,2.0,2.3333333,0.0,0.0,1.0,0.017222222,2.5,0.04526804,6.75,0.0
6.0,145.16667,1.6666666,2.0,2.0,2.2,1.0,0.0,1.0,0.05201389,3.6666667,0.06522439,10.333333,0.21595377
6.0,51.416668,1.5,1.1666666,2.0,2.2,1.0,0.0,1.0,0.020208333,2.6666667,0.07468926,7.1666665,0.0
8.0,43.25,2.375,2.125,1.375,1.5714285,1.0,0.0,1.0,0.022569444,4.5,0.04361448,9.75,-0.24061477
6.0,67.083336,2.6666667,2.5,1.1666666,1.4,1.0,0.0,1.0,0.02013889,5.1666665,0.07719829,10.5,-0.23853149
6.0,168.91667,1.6666666,1.6666666,1.5,2.2,1.0,0.0,1.0,0.07298611,3.3333333,0.04814757,8.5,0.20280837
6.0,91.583336,1.0,0.6666667,2.0,2.2,1.0,0.0,1.0,0.032708332,1.6666666,0.05071835,4.6666665,0.16255529
7.0,52.857143,1.0,1.0,1.2857143,2.0,0.0,0.0,1.0,0.019444445,2.0,0.045851212,4.285714,0.0
6.0,44.833332,0.5,0.5,2.0,2.2,0.0,0.0,1.0,0.018541666,1.0,0.053595364,3.3333333,0.16383702
7.0,55.357143,1.4285715,1.2857143,2.0,2.1666667,1.0,0.0,1.0,0.0225,2.7142856,0.06523081,7.714286,0.18923676
7.0,62.0,2.142857,1.8571428,1.5714285,2.1666667,1.0,0.0,1.0,0.02451389,4.0,0.06375813,10.428572,0.14065726
8.0,49.3125,1.375,0.875,1.375,1.5714285,1.0,0.0,1.0,0.0275,2.25,0.044598073,7.25,0.0
6.0,91.75,1.6666666,1.6666666,2.0,2.2,1.0,0.0,1.0,0.026597222,3.3333333,0.047134627,8.833333,0.0
6.0,222.08333,0.8333333,0.8333333,2.0,2.2,1.0,0.0,1.0,0.077083334,1.6666666,0.0315255,6.0,0.15703633
6.0,47.333332,1.6666666,1.1666666,1.0,1.4,1.0,0.0,1.0,0.017847221,2.8333333,0.05698478,8.833333,0.0
6.0,69.333336,1.0,0.6666667,1.5,2.2,1.0,0.0,0.0,0.022777777,1.6666666,0.04995906,3.3333333,-0.04975848
6.0,110.0,1.0,1.6666666,2.0,2.2,1.0,0.0,1.0,0.036805555,2.6666667,0.04905381,7.0,0.0
6.0,42.5,1.6666666,1.6666666,1.8333334,2.2,1.0,0.0,1.0,0.014722222,3.3333333,0.052888814,10.0,0.16487017
8.0,50.3125,0.875,0.625,1.875,2.142857,1.0,0.0,1.0,0.026944444,1.5,0.047356267,4.125,0.0
6.0,98.833336,1.6666666,1.6666666,2.0,2.2,1.0,0.0,1.0,0.039097223,3.3333333,0.0524981,9.666667,0.0
6.0,107.833336,0.5,0.5,2.0,2.2,1.0,0.0,1.0,0.038680557,1.0,0.04682518,2.8333333,0.13062455
8.0,49.125,1.5,1.125,2.0,2.142857,1.0,0.0,1.0,0.024236111,2.625,0.04387339,7.0,0.0
6.0,112.916664,0.8333333,0.6666667,2.0,2.2,1.0,0.0,1.0,0.0375,1.5,0.051849417,4.8333335,0.16160198
4.0,96.875,2.0,1.75,2.0,2.3333333,1.0,0.0,1.0,0.019027777,3.75,0.07380968,10.5,0.0
7.0,35.857143,1.5714285,1.5714285,1.4285715,2.0,1.0,0.0,1.0,0.018055556,3.142857,0.060612313,6.857143,0.0
8.0,50.6875,1.375,1.25,1.0,1.7142857,1.0,0.0,1.0,0.025138889,2.625,0.047889058,6.875,0.0
6.0,95.583336,0.8333333,1.0,2.0,2.2,1.0,0.0,1.0,0.035347223,1.8333334,0.051961802,4.8333335,0.0
6.0,120.333336,1.1666666,1.0,1.0,1.0,1.0,0.0,1.0,0.044930555,2.1666667,0.04303023,6.6666665,0.16004781
6.0,94.583336,1.1666666,1.1666666,2.0,2.2,1.0,0.0,1.0,0.036458332,2.3333333,0.045852493,5.3333335,0.0
7.0,28.5,0.71428573,0.5714286,0.85714287,0.8333333,1.0,0.0,1.0,0.013958333,1.2857143,0.05969626,3.5714285,0.14199919
6.0,51.583332,1.1666666,1.1666666,1.5,1.6,1.0,0.0,1.0,0.017916666,2.3333333,0.06494949,6.8333335,0.1661046
8.0,58.3125,1.625,1.625,1.875,2.0,1.0,0.0,0.0,0.02861111,3.25,0.052010704,8.625,0.123418964
7.0,39.92857,1.7142857,2.0,1.7142857,2.0,1.0,0.0,1.0,0.01826389,3.7142856,0.05492566,7.571429,0.0
7.0,50.357143,1.8571428,0.85714287,1.0,1.0,1.0,0.0,1.0,0.020555556,2.7142856,0.057635657,8.0,0.0
8.0,45.375,0.875,0.625,1.375,1.8571428,1.0,0.0,1.0,0.02125,1.5,0.047340836,4.125,0.0
4.0,45.25,0.75,0.5,2.0,2.3333333,1.0,0.0,1.0,0.0070833336,1.25,0.07943756,4.25,0.0
6.0,97.0,1.0,0.8333333,2.0,2.2,1.0,0.0,1.0,0.036805555,1.8333334,0.062475994,6.1666665,0.0
7.0,64.85714,1.2857143,1.4285715,2.0,2.1666667,1.0,0.0,1.0,0.026041666,2.7142856,0.053647917,7.714286,0.0
6.0,96.833336,1.0,0.8333333,1.5,1.8,1.0,0.0,1.0,0.03576389,1.8333334,0.04529219,5.0,0.2691904
6.0,100.833336,1.0,0.6666667,2.0,2.2,0.0,0.0,1.0,0.03888889,1.6666666,0.048183203,4.8333335,0.20464654
7.0,56.285713,1.5714285,1.4285715,2.0,2.1666667,0.0,0.0,1.0,0.024444444,3.0,0.055032417,6.571429,0.14079136
6.0,110.833336,1.0,0.6666667,2.0,2.2,1.0,0.0,1.0,0.044930555,1.6666666,0.05815206,5.1666665,0.06262332
5.0,108.4,1.2,1.8,2.0,2.25,1.0,0.0,1.0,0.033055555,3.0,0.043910254,8.4,0.22686172
8.0,53.875,1.375,1.5,1.875,2.0,1.0,0.0,1.0,0.031180555,2.875,0.045578234,7.625,0.1806148
6.0,103.75,1.5,1.1666666,1.1666666,1.6,1.0,0.0,1.0,0.039930556,2.6666667,0.051862255,8.333333,0.0
5.0,103.6,0.8,1.0,2.0,2.25,1.0,0.0,1.0,0.027430555,1.8,0.042735957,4.6,0.13896751
8.0,57.5625,0.875,1.0,1.75,2.0,1.0,0.0,1.0,0.02826389,1.875,0.052942853,5.5,0.0
6.0,95.916664,1.5,1.1666666,1.6666666,2.0,1.0,0.0,1.0,0.025694445,2.6666667,0.040502768,7.1666665,0.16215403
6.0,144.91667,2.0,1.8333334,2.0,2.2,1.0,0.0,0.0,0.051041666,3.8333333,0.047436018,9.666667,0.19789198
6.0,160.41667,1.3333334,1.0,2.0,2.2,1.0,0.0,1.0,0.045625,2.3333333,0.050099157,6.3333335,0.16125293
8.0,46.5625,0.625,0.5,1.75,1.8571428,1.0,0.0,1.0,0.02201389,1.125,0.043612316,3.625,0.12308954
6.0,105.916664,1.6666666,2.0,2.0,2.2,1.0,0.0,1.0,0.035625,3.6666667,0.0664326,11.666667,0.0
6.0,119.333336,1.3333334,0.8333333,0.8333333,1.2,1.0,0.0,1.0,0.041527778,2.1666667,0.051509425,5.8333335,0.22438276
8.0,46.3125,1.75,1.0,2.0,2.142857,1.0,0.0,1.0,0.022152778,2.75,0.054434344,9.0,0.16668165
6.0,184.66667,1.5,1.3333334,2.0,2.2,1.0,0.0,1.0,0.077361114,2.8333333,0.046734046,8.833333,0.15910843
6.0,160.5,2.0,2.0,2.0,2.2,0.0,0.0,1.0,0.063194446,4.0,0.037765983,11.833333,0.0
7.0,58.5,1.2857143,1.1428572,2.0,2.1666667,1.0,0.0,1.0,0.026180556,2.4285715,0.058093566,7.285714,0.0
6.0,175.25,3.5,3.0,2.0,2.2,1.0,0.0,1.0,0.059930556,6.5,0.056664273,20.0,0.20388299
6.0,61.416668,1.8333334,1.6666666,2.0,2.2,1.0,0.0,1.0,0.019444445,3.5,0.06804307,10.0,0.16504596
8.0,39.3125,0.625,0.5,0.875,1.2857143,1.0,0.0,1.0,0.017847221,1.125,0.04956252,3.125,0.0
8.0,66.0,1.0,1.0,2.0,2.142857,1.0,0.0,0.0,0.031180555,2.0,0.059474465,4.0,0.0
6.0,117.0,1.5,0.33333334,2.0,2.2,1.0,0.0,1.0,0.04090278,1.8333334,0.048579995,4.0,0.15861677
6.0,243.41667,1.6666666,1.8333334,2.0,2.2,1.0,0.0,1.0,0.094791666,3.5,0.031724878,9.5,0.0
8.0,39.8125,1.375,1.0,1.25,1.7142857,1.0,0.0,1.0,0.025972223,2.375,0.06556603,6.875,0.0
6.0,29.583334,1.0,0.33333334,0.8333333,1.2,1.0,0.0,0.0,0.012083333,1.3333334,0.07454628,3.3333333,0.0
8.0,51.125,1.375,1.125,1.5,1.5714285,1.0,0.0,1.0,0.024722222,2.5,0.04847128,6.625,0.0
6.0,76.416664,1.5,1.1666666,1.6666666,2.2,1.0,0.0,1.0,0.020902777,2.6666667,0.06474567,6.1666665,0.0
6.0,180.66667,1.3333334,2.6666667,2.0,2.2,0.0,0.0,1.0,0.06486111,4.0,0.05435243,11.166667,0.21874678
6.0,121.5,1.0,1.1666666,2.0,2.2,1.0,0.0,1.0,0.043680556,2.1666667,0.049325272,6.0,0.1989415
8.0,48.9375,1.5,1.125,1.125,1.7142857,1.0,0.0,1.0,0.027777778,2.625,0.051394783,6.625,0.0
6.0,102.666664,1.3333334,2.0,2.0,2.2,1.0,0.0,1.0,0.03729167,3.3333333,0.035591654,7.5,0.0
6.0,91.916664,1.0,0.6666667,1.3333334,1.6,1.0,0.0,1.0,0.02451389,1.6666666,0.059230283,4.5,0.20577328
8.0,39.1875,1.875,1.75,1.625,1.8571428,1.0,0.0,1.0,0.022777777,3.625,0.058670484,9.125,0.0
8.0,39.375,1.125,1.0,1.875,2.0,1.0,0.0,1.0,0.017291667,2.125,0.0660557,5.625,0.12381073
7.0,52.785713,1.7142857,2.0,2.0,2.1666667,1.0,0.0,1.0,0.022152778,3.7142856,0.049270637,9.285714,0.0
6.0,59.5,1.0,0.5,1.6666666,2.0,1.0,0.0,1.0,0.019930556,1.5,0.051463995,3.0,0.16413459
6.0,151.58333,1.0,0.8333333,2.0,2.2,1.0,0.0,1.0,0.055347223,1.8333334,0.042688556,5.8333335,0.0
8.0,48.625,0.875,0.75,1.125,1.2857143,0.0,0.0,1.0,0.026111111,1.625,0.06527465,5.0,0.16811351
6.0,114.5,1.3333334,1.3333334,2.0,2.2,1.0,0.0,1.0,0.043819446,2.6666667,0.05536544,8.166667,0.16215403
6.0,124.583336,1.1666666,1.1666666,2.0,2.2,1.0,0.0,1.0,0.04701389,2.3333333,0.049317095,6.5,0.15806665
7.0,57.42857,1.4285715,1.2857143,2.0,2.1666667,1.0,0.0,0.0,0.025208334,2.7142856,0.05117627,6.142857,0.1832581
6.0,99.333336,1.0,0.8333333,1.8333334,2.2,1.0,0.0,1.0,0.038958333,1.8333334,0.0480556,5.8333335,0.19382258
6.0,148.0,2.0,1.8333334,1.8333334,2.0,1.0,0.0,1.0,0.06305555,3.8333333,0.04183381,10.666667,0.20516749
6.0,39.0,1.0,1.0,1.3333334,1.4,1.0,0.0,1.0,0.013402778,2.0,0.06019154,6.0,0.0
8.0,47.8125,1.875,1.75,2.0,2.142857,1.0,0.0,0.0,0.025347222,3.625,0.058216203,9.5,0.0
6.0,93.75,1.6666666,1.5,1.3333334,1.4,1.0,0.0,1.0,0.025694445,3.1666667,0.08419695,8.333333,0.0
6.0,133.41667,1.0,1.0,2.0,2.2,1.0,0.0,1.0,0.053680554,2.0,0.06318168,8.0,0.19481373
6.0,115.75,1.5,1.5,2.0,2.2,1.0,0.0,1.0,0.045625,3.0,0.061436865,9.166667,0.0
7.0,47.42857,1.1428572,0.85714287,0.42857143,1.1666666,1.0,0.0,1.0,0.020763889,2.0,0.057857808,5.428571,0.0
8.0,53.1875,1.75,1.875,1.625,1.8571428,1.0,0.0,1.0,0.023611112,3.625,0.060354076,7.75,0.0
8.0,61.8125,1.625,1.75,1.25,1.7142857,1.0,0.0,1.0,0.030833334,3.375,0.059708964,8.625,0.0
6.0,101.333336,0.8333333,0.8333333,2.0,2.2,1.0,0.0,1.0,0.037708335,1.6666666,0.03976089,5.6666665,0.16148512
6.0,123.166664,1.6666666,1.8333334,1.8333334,2.2,1.0,0.0,1.0,0.04027778,3.5,0.054328714,12.166667,0.15615061
8.0,44.0,0.875,1.25,1.75,2.142857,0.0,0.0,1.0,0.021527778,2.125,0.048253063,5.0,0.12295398
6.0,60.083332,0.6666667,0.33333334,2.0,2.2,1.0,0.0,1.0,0.01638889,1.0,0.04710036,2.0,0.11435499
6.0,168.33333,1.8333334,1.8333334,1.0,1.0,1.0,0.0,1.0,0.070763886,3.6666667,0.057853363,9.166667,0.2247741
7.0,65.42857,1.1428572,1.0,2.0,2.1666667,1.0,0.0,1.0,0.030694444,2.142857,0.061340842,5.571429,0.0
6.0,114.333336,1.8333334,2.1666667,1.8333334,2.2,1.0,0.0,1.0,0.033125,4.0,0.0432862,10.666667,-0.265886
6.0,133.16667,1.1666666,1.0,2.0,2.2,1.0,0.0,1.0,0.053055555,2.1666667,0.051694702,6.6666665,0.15921506
8.0,53.625,1.0,1.375,1.625,1.8571428,1.0,0.0,1.0,0.02625,2.375,0.053562693,4.75,0.16669849
8.0,48.25,1.0,1.125,1.125,1.2857143,1.0,0.0,1.0,0.024791667,2.125,0.06925478,7.75,0.12454259
6.0,81.25,1.5,1.3333334,1.8333334,2.2,1.0,0.0,0.0,0.018402778,2.8333333,0.047863048,8.0,0.0
6.0,136.0,2.0,1.6666666,1.3333334,2.0,1.0,0.0,1.0,0.039027777,3.6666667,0.059475545,10.666667,0.0
7.0,39.142857,0.5714286,0.42857143,2.0,2.1666667,1.0,0.0,1.0,0.017361112,1.0,0.056546204,3.142857,0.0
7.0,53.0,1.2857143,1.1428572,1.8571428,2.1666667,1.0,0.0,1.0,0.02125,2.4285715,0.065845326,6.714286,0.034128856
4.0,73.375,1.25,1.0,1.5,2.0,1.0,0.0,1.0,0.017569445,2.25,0.10409055,5.75,0.0
6.0,143.25,1.8333334,1.8333334,2.0,2.2,1.0,0.0,1.0,0.05263889,3.6666667,0.039637666,11.0,0.21820883
8.0,37.75,1.75,0.0,1.625,1.8571428,1.0,0.0,0.0,0.020069445,1.75,0.050750487,3.5,-0.24164805
6.0,41.25,1.8333334,1.6666666,0.6666667,1.0,1.0,0.0,0.0,0.01861111,3.5,0.06888683,7.6666665,0.0
8.0,44.6875,2.0,2.0,1.875,2.142857,1.0,0.0,0.0,0.024652777,4.0,0.04542079,10.875,0.16638675
8.0,47.625,1.25,1.0,0.25,1.5714285,1.0,0.0,1.0,0.030277777,2.25,0.050470434,6.125,0.0
8.0,56.625,1.25,1.125,2.0,2.142857,1.0,0.0,1.0,0.029027779,2.375,0.057299465,6.25,0.0
6.0,83.5,1.0,1.0,2.0,2.2,1.0,0.0,1.0,0.024722222,2.0,0.06422431,5.0,-0.04882435
6.0,104.166664,0.8333333,0.6666667,2.0,2.2,1.0,0.0,1.0,0.04027778,1.5,0.048498318,4.6666665,0.14201985
6.0,148.08333,1.6666666,2.1666667,2.0,2.2,1.0,0.0,1.0,0.057638887,3.8333333,0.047294807,10.833333,0.0
8.0,54.125,1.125,0.875,1.25,1.5714285,1.0,0.0,1.0,0.029583333,2.0,0.06048548,6.625,0.16893007
6.0,161.33333,2.1666667,1.8333334,2.0,2.2,1.0,0.0,1.0,0.06854167,4.0,0.059748188,9.833333,-0.22817683
6.0,130.66667,1.0,0.6666667,2.0,2.2,1.0,0.0,1.0,0.045208335,1.6666666,0.063460246,5.1666665,0.15979148
8.0,50.75,1.75,1.75,1.375,1.5714285,1.0,0.0,0.0,0.023125,3.5,0.06097464,7.25,0.12336365
8.0,45.0,1.125,1.0,1.375,1.7142857,1.0,0.0,0.0,0.025277779,2.125,0.05492128,5.625,0.0
5.0,80.2,2.0,1.6,1.4,1.5,1.0,0.0,1.0,0.024583334,3.6,0.06529879,7.2,-0.23495531
6.0,173.41667,1.3333334,1.5,2.0,2.2,1.0,0.0,1.0,0.058680557,2.8333333,0.052245256,8.333333,0.18988122
8.0,37.875,1.5,1.25,1.875,2.0,1.0,0.0,1.0,0.017222222,2.75,0.054658316,7.25,0.12381073
6.0,47.833332,1.5,1.3333334,2.0,2.2,1.0,0.0,1.0,0.014236111,2.8333333,0.06299154,7.6666665,0.16312695
8.0,50.4375,1.0,1.0,2.0,2.142857,0.0,0.0,1.0,0.030069444,2.0,0.057536323,5.875,0.16836448
6.0,54.583332,1.5,1.5,1.3333334,1.4,1.0,0.0,1.0,0.019513888,3.0,0.066240534,8.333333,0.0
6.0,125.833336,0.8333333,0.6666667,2.0,2.2,1.0,0.0,1.0,0.047430556,1.5,0.042888366,4.1666665,0.10527334
6.0,197.5,2.0,1.1666666,1.0,1.0,1.0,0.0,1.0,0.06673611,3.1666667,0.05971607,8.333333,0.20564084
6.0,156.25,0.8333333,0.5,0.6666667,0.6,1.0,0.0,1.0,0.055416666,1.3333334,0.041507352,4.6666665,0.17600699
8.0,49.3125,0.875,0.75,1.875,2.142857,1.0,0.0,1.0,0.02375,1.625,0.062786475,6.75,0.0
6.0,76.083336,1.8333334,1.8333334,2.0,2.2,1.0,0.0,1.0,0.029444445,3.6666667,0.071636334,10.666667,0.0
6.0,131.66667,2.5,2.1666667,2.0,2.2,1.0,0.0,1.0,0.036319446,4.6666665,0.091684915,9.833333,0.1602325
8.0,55.375,0.375,0.375,1.75,1.8571428,0.0,0.0,1.0,0.027847223,0.75,0.05252583,2.875,0.17550604
7.0,36.857143,0.2857143,1.0,1.1428572,1.6666666,0.0,0.0,1.0,0.014166667,1.2857143,0.05853557,5.142857,0.0
6.0,45.5,1.1666666,0.8333333,2.0,2.2,0.0,0.0,1.0,0.014097222,2.0,0.060538385,5.5,0.0
8.0,46.5,1.125,1.375,1.375,1.8571428,1.0,0.0,1.0,0.026111111,2.5,0.0605898,6.375,0.0
6.0,68.25,0.6666667,0.5,2.0,2.2,1.0,0.0,1.0,0.019583333,1.1666666,0.04268867,3.3333333,0.0
6.0,115.083336,1.5,1.5,2.0,2.2,1.0,0.0,1.0,0.041944444,3.0,0.054072954,6.8333335,0.16387933
8.0,53.0625,1.75,2.0,1.875,2.0,1.0,0.0,0.0,0.029375,3.75,0.04498558,9.25,0.0
6.0,78.833336,0.8333333,0.6666667,2.0,2.2,1.0,0.0,1.0,0.027361112,1.5,0.05302406,4.1666665,0.0
6.0,103.583336,2.1666667,3.0,1.1666666,1.2,1.0,0.0,1.0,0.03215278,5.1666665,0.0670621,14.666667,0.19488254
6.0,206.58333,1.8333334,1.5,2.0,2.2,1.0,0.0,1.0,0.06694444,3.3333333,0.042131163,9.5,0.19771479
8.0,51.0625,1.375,0.75,1.5,2.0,1.0,0.0,1.0,0.027777778,2.125,0.05980408,5.875,0.0
6.0,84.583336,1.1666666,1.0,1.6666666,2.2,1.0,0.0,1.0,0.02673611,2.1666667,0.060157638,6.6666665,0.20351033
6.0,177.83333,1.8333334,1.6666666,1.8333334,2.0,1.0,0.0,1.0,0.06465278,3.5,0.058951892,11.0,0.19954263
8.0,45.6875,1.625,1.625,1.375,1.4285715,1.0,0.0,1.0,0.023819445,3.25,0.057335492,8.375,0.16638339
8.0,43.625,1.75,1.5,1.875,2.142857,0.0,0.0,1.0,0.022430556,3.25,0.06140947,8.5,0.0
6.0,85.583336,2.0,2.0,2.0,2.2,1.0,0.0,1.0,0.020277778,4.0,0.061841723,10.166667,0.16337554
6.0,130.91667,2.0,1.3333334,1.5,1.6,1.0,0.0,1.0,0.048125,3.3333333,0.05632328,7.6666665,0.20230325
6.0,115.0,0.8333333,0.5,1.0,1.0,1.0,0.0,1.0,0.04388889,1.3333334,0.058147803,3.8333333,0.16410896
7.0,58.357143,0.85714287,0.5714286,1.8571428,2.0,0.0,0.0,1.0,0.02576389,1.4285715,0.04990811,4.0,0.0
6.0,75.083336,1.6666666,1.0,1.3333334,1.4,1.0,0.0,1.0,0.025,2.6666667,0.05236951,8.166667,0.215979
6.0,162.16667,1.5,1.5,2.0,2.2,0.0,0.0,1.0,0.067152776,3.0,0.04506552,8.5,0.0
6.0,144.66667,1.1666666,0.8333333,2.0,2.2,1.0,0.0,1.0,0.057638887,2.0,0.040521286,5.6666665,0.16335474
8.0,33.375,0.375,0.25,1.5,1.8571428,1.0,0.0,1.0,0.018055556,0.625,0.06392079,2.875,0.12383902
6.0,68.916664,2.0,2.0,1.3333334,1.6,1.0,0.0,1.0,0.021944445,4.0,0.04499519,8.666667,0.0
6.0,66.166664,1.3333334,1.0,2.0,2.2,1.0,0.0,1.0,0.016875,2.3333333,0.073458664,7.0,0.16553476
6.0,93.416664,0.8333333,0.5,1.5,1.6,1.0,0.0,1.0,0.038125,1.3333334,0.049903844,4.3333335,0.16144627
7.0,46.714287,1.5714285,1.2857143,1.5714285,1.8333334,1.0,0.0,1.0,0.0225,2.857143,0.057837807,6.428571,0.0
8.0,52.6875,1.0,0.875,1.5,1.7142857,1.0,0.0,1.0,0.030069444,1.875,0.04740907,5.0,0.0
6.0,106.916664,1.1666666,1.5,1.1666666,1.2,1.0,0.0,1.0,0.032986112,2.6666667,0.0423726,8.166667,0.20283297
6.0,145.66667,1.3333334,1.1666666,1.8333334,2.0,1.0,0.0,1.0,0.050277777,2.5,0.049221467,6.8333335,0.0
7.0,62.214287,1.7142857,1.5714285,1.2857143,1.8333334,1.0,0.0,1.0,0.026805555,3.2857144,0.049628224,8.571428,0.0
8.0,42.9375,1.25,1.0,1.875,2.142857,0.0,0.0,1.0,0.028333334,2.25,0.051256426,6.0,0.17429173
8.0,60.6875,1.625,1.75,2.0,2.142857,0.0,0.0,1.0,0.030208332,3.375,0.045783307,8.5,0.1777374
6.0,47.583332,0.8333333,0.5,1.8333334,2.0,1.0,0.0,1.0,0.013680556,1.3333334,0.05603625,2.6666667,0.16575961
6.0,141.58333,1.5,1.3333334,1.8333334,2.2,1.0,0.0,1.0,0.051875,2.8333333,0.051199086,9.0,0.06563669
8.0,49.5625,1.375,1.125,1.125,1.4285715,1.0,0.0,1.0,0.023472222,2.5,0.06806355,5.75,0.0
25.0,40.46,0.2,0.12,1.92,2.0416667,1.0,0.0,1.0,0.081597224,0.32,0.051325247,2.04,0.08322707
8.0,49.4375,1.5,0.875,1.875,2.0,1.0,0.0,1.0,0.025972223,2.375,0.071243286,6.5,0.0
8.0,47.375,0.875,0.75,1.25,1.5714285,1.0,0.0,1.0,0.023541667,1.625,0.049254254,4.375,0.0
8.0,49.5625,1.5,1.25,1.875,2.0,1.0,0.0,1.0,0.024930555,2.75,0.05671752,8.5,0.0
6.0,141.75,2.0,2.1666667,2.0,2.2,1.0,0.0,1.0,0.04125,4.1666665,0.050930623,11.333333,0.20310551
6.0,107.333336,4.0,4.0,2.0,2.2,1.0,0.0,0.0,0.051666666,8.0,0.08428976,16.333334,0.16471286
8.0,50.5,1.125,1.0,1.75,2.0,1.0,0.0,1.0,0.024791667,2.125,0.06012814,6.75,0.089755215
6.0,100.916664,0.8333333,0.6666667,2.0,2.2,1.0,0.0,1.0,0.046527777,1.5,0.052269172,4.0,0.15816885
6.0,134.75,1.6666666,1.5,2.0,2.2,0.0,0.0,1.0,0.051805556,3.1666667,0.03756114,8.833333,0.0
6.0,128.0,1.3333334,1.1666666,2.0,2.2,1.0,0.0,1.0,0.045555554,2.5,0.057169028,11.0,0.0
7.0,47.285713,1.5714285,1.4285715,1.4285715,1.8333334,1.0,0.0,1.0,0.02236111,3.0,0.06094777,8.0,0.0
6.0,63.916668,0.8333333,1.1666666,1.8333334,2.2,1.0,0.0,1.0,0.023472222,2.0,0.053024463,6.1666665,0.16549
6.0,135.83333,1.6666666,1.1666666,1.0,1.4,1.0,0.0,1.0,0.05576389,2.8333333,0.049509447,6.3333335,0.11510384
8.0,47.5625,1.125,1.0,1.625,2.0,1.0,0.0,1.0,0.022152778,2.125,0.06536647,5.625,0.0
8.0,48.8125,1.25,1.25,1.75,2.0,1.0,0.0,1.0,0.025069445,2.5,0.048368298,6.25,0.0
8.0,56.0,2.5,2.5,2.0,2.142857,1.0,0.0,1.0,0.027569445,5.0,0.04194461,13.125,-0.2222392
6.0,117.25,2.0,1.6666666,1.6666666,2.0,1.0,0.0,1.0,0.03888889,3.6666667,0.060528237,11.333333,0.15875626
6.0,99.583336,2.0,1.8333334,2.0,2.2,1.0,0.0,0.0,0.028402777,3.8333333,0.055162933,11.166667,0.13679498
6.0,103.416664,1.0,0.6666667,2.0,2.2,1.0,0.0,1.0,0.04902778,1.6666666,0.05390747,4.6666665,0.0089788325
6.0,43.166668,1.1666666,1.0,0.6666667,1.4,1.0,0.0,1.0,0.015694445,2.1666667,0.053272024,6.6666665,0.0
7.0,47.285713,1.5714285,1.2857143,0.42857143,1.3333334,1.0,0.0,1.0,0.021458333,2.857143,0.052518107,7.714286,-0.13221008
6.0,173.25,1.1666666,0.6666667,0.8333333,1.0,1.0,0.0,1.0,0.053888887,1.8333334,0.056602046,3.6666667,0.013631315
6.0,94.166664,1.6666666,1.5,1.8333334,2.0,1.0,0.0,1.0,0.034375,3.1666667,0.054178633,9.0,0.20488
7.0,41.714287,1.2857143,0.71428573,2.0,2.1666667,1.0,0.0,1.0,0.019930556,2.0,0.05859456,6.428571,0.19599073
8.0,41.1875,1.875,2.25,2.0,2.142857,1.0,0.0,1.0,0.02236111,4.125,0.05964968,10.25,-0.041936144
8.0,51.75,1.75,1.75,1.5,2.0,1.0,0.0,1.0,0.024722222,3.5,0.06227008,8.75,-0.1662871
6.0,173.25,1.0,0.8333333,1.6666666,1.8,1.0,0.0,1.0,0.0625,1.8333334,0.07296704,5.0,0.04615687
6.0,169.91667,2.0,1.3333334,1.8333334,2.2,1.0,0.0,1.0,0.053680554,3.3333333,0.049709734,9.0,-0.1669776
6.0,56.416668,1.8333334,1.5,0.6666667,0.8,1.0,0.0,1.0,0.023611112,3.3333333,0.051079758,8.833333,0.16413459
8.0,38.875,2.125,2.0,0.375,0.85714287,1.0,0.0,1.0,0.019027777,4.125,0.06631184,8.25,-0.26529235
8.0,49.75,0.75,0.625,1.75,2.0,0.0,0.0,1.0,0.02388889,1.375,0.046978973,4.25,0.0
6.0,106.25,1.8333334,1.6666666,1.8333334,2.2,1.0,0.0,1.0,0.044166666,3.5,0.05724051,8.833333,0.1624343
6.0,132.83333,1.0,1.1666666,2.0,2.2,1.0,0.0,1.0,0.048541665,2.1666667,0.042721685,6.5,0.1604185
8.0,46.5625,1.125,1.0,1.875,2.0,1.0,0.0,1.0,0.024027778,2.125,0.07063598,4.375,0.0
5.0,61.8,1.4,1.0,1.6,2.0,1.0,0.0,1.0,0.018472223,2.4,0.054673173,6.4,0.19571464
6.0,141.25,2.0,1.8333334,2.0,2.2,1.0,0.0,1.0,0.04597222,3.8333333,0.056339387,8.333333,0.0
6.0,137.33333,2.0,1.6666666,2.0,2.2,1.0,0.0,1.0,0.04736111,3.6666667,0.050796196,7.8333335,0.19393669
7.0,37.214287,1.2857143,1.0,2.0,2.1666667,1.0,0.0,1.0,0.015694445,2.2857144,0.06313077,4.714286,0.0
7.0,50.57143,0.85714287,0.71428573,2.0,2.1666667,0.0,0.0,1.0,0.021944445,1.5714285,0.04335473,4.285714,0.14085871
6.0,138.91667,1.3333334,1.0,1.8333334,2.2,1.0,0.0,1.0,0.051666666,2.3333333,0.050552335,6.5,0.0
6.0,181.75,1.5,1.3333334,1.8333334,2.0,1.0,0.0,1.0,0.062638886,2.8333333,0.051368263,8.666667,0.19733162
8.0,44.9375,1.125,1.0,1.375,1.4285715,1.0,0.0,1.0,0.022291666,2.125,0.049524847,5.75,0.0
8.0,44.4375,1.375,2.0,2.0,2.142857,1.0,0.0,1.0,0.024236111,3.375,0.063605934,8.875,0.12415305
6.0,88.583336,0.6666667,0.8333333,2.0,2.2,1.0,0.0,1.0,0.028125,1.5,0.046537265,4.1666665,0.0
6.0,116.75,1.6666666,1.6666666,2.0,2.2,1.0,0.0,1.0,0.03951389,3.3333333,0.04466073,9.333333,0.20590332
6.0,133.16667,0.6666667,0.6666667,1.1666666,1.8,1.0,0.0,1.0,0.0475,1.3333334,0.049867038,4.3333335,0.21226907
6.0,36.916668,1.5,1.3333334,1.3333334,1.6,1.0,0.0,1.0,0.012777777,2.8333333,0.062395774,7.5,0.0
8.0,46.8125,1.875,2.25,0.625,1.0,1.0,0.0,1.0,0.021944445,4.125,0.06313115,10.125,0.0
5.0,49.5,1.2,0.8,2.0,2.25,1.0,0.0,1.0,0.012013889,2.0,0.084175825,5.2,0.20268768
6.0,140.83333,0.6666667,0.6666667,1.8333334,2.2,1.0,0.0,1.0,0.05923611,1.3333334,0.056791287,4.1666665,0.19850717
8.0,53.8125,2.0,0.0,1.75,2.0,1.0,0.0,0.0,0.026180556,2.0,0.058522206,4.0,-0.22432198
6.0,82.25,1.1666666,1.1666666,2.0,2.2,1.0,0.0,1.0,0.0325,2.3333333,0.054356184,6.8333335,0.0
6.0,138.83333,1.5,1.8333334,1.8333334,2.0,1.0,0.0,1.0,0.05284722,3.3333333,0.057407282,9.666667,0.0
6.0,130.25,1.8333334,1.5,0.6666667,0.6,1.0,0.0,1.0,0.04875,3.3333333,0.077389844,9.666667,0.20395781
8.0,41.125,1.125,1.125,1.375,1.7142857,1.0,0.0,1.0,0.024166666,2.25,0.0490034,5.875,0.0
8.0,42.0625,1.125,1.0,1.5,1.7142857,1.0,0.0,1.0,0.022847222,2.125,0.061442655,6.5,0.0
7.0,57.642857,1.4285715,1.2857143,2.0,2.1666667,1.0,0.0,1.0,0.023333333,2.7142856,0.055213593,6.0,0.14092626
6.0,62.666668,1.3333334,1.0,1.3333334,1.6,1.0,0.0,1.0,0.02013889,2.3333333,0.054035887,5.6666665,-0.05296441
6.0,110.0,1.8333334,1.8333334,2.0,2.2,1.0,0.0,1.0,0.03652778,3.6666667,0.06014095,10.0,0.15896696
6.0,178.16667,0.6666667,1.1666666,1.6666666,2.0,0.0,0.0,1.0,0.062083334,1.8333334,0.06836848,5.3333335,0.1626971
7.0,35.42857,1.1428572,0.0,1.1428572,1.3333334,1.0,0.0,0.0,0.015972223,1.1428572,0.058035947,2.857143,0.0
8.0,57.6875,1.75,1.75,1.375,1.4285715,1.0,0.0,1.0,0.029444445,3.5,0.070166856,9.0,0.12369797
6.0,150.41667,2.8333333,3.0,2.0,2.2,1.0,0.0,1.0,0.050277777,5.8333335,0.04075484,11.666667,0.16223383
6.0,151.41667,1.5,1.3333334,1.0,1.0,1.0,0.0,1.0,0.053680554,2.8333333,0.05687217,8.833333,0.15837456
6.0,147.41667,2.8333333,3.8333333,2.0,2.2,1.0,0.0,0.0,0.057916667,6.6666665,0.05581129,14.333333,0.0
8.0,54.9375,1.0,1.0,2.0,2.142857,1.0,0.0,1.0,0.027430555,2.0,0.059001632,6.0,0.0
6.0,103.5,1.6666666,2.3333333,2.0,2.2,1.0,0.0,1.0,0.04875,4.0,0.037260905,10.666667,0.22886933
6.0,110.666664,1.3333334,0.8333333,2.0,2.2,1.0,0.0,1.0,0.038402777,2.1666667,0.055366743,7.1666665,0.1625149
8.0,54.75,1.0,0.625,2.0,2.142857,1.0,0.0,1.0,0.024375,1.625,0.0607301,4.75,0.0
6.0,78.083336,1.0,0.8333333,1.5,1.6,1.0,0.0,1.0,0.02875,1.8333334,0.05648162,5.5,0.16199516
6.0,113.166664,1.5,1.1666666,2.0,2.2,1.0,0.0,1.0,0.04777778,2.6666667,0.05658766,8.166667,0.0
8.0,54.125,1.25,1.125,1.5,1.5714285,0.0,0.0,1.0,0.026041666,2.375,0.058404997,6.25,0.1711116
6.0,77.5,1.1666666,1.0,2.0,2.2,1.0,0.0,1.0,0.024444444,2.1666667,0.0609164,6.8333335,0.20720963
6.0,170.0,1.1666666,1.1666666,2.0,2.2,0.0,0.0,1.0,0.06756944,2.3333333,0.04601266,7.6666665,0.021372536
7.0,52.857143,1.7142857,1.8571428,1.8571428,2.1666667,1.0,0.0,1.0,0.02451389,3.5714285,0.055262133,7.285714,0.0
6.0,129.5,1.1666666,1.3333334,1.8333334,2.0,1.0,0.0,1.0,0.04097222,2.5,0.0525651,7.0,0.16367769
6.0,116.0,1.3333334,1.1666666,1.6666666,1.8,1.0,0.0,1.0,0.03,2.5,0.05241622,7.6666665,0.1618766
6.0,57.416668,1.5,1.3333334,1.5,1.6,0.0,0.0,1.0,0.019722221,2.8333333,0.07409908,8.666667,0.16362633
7.0,41.642857,1.2857143,1.0,1.7142857,1.8333334,0.0,0.0,1.0,0.017083334,2.2857144,0.057064068,6.428571,0.1419638
6.0,48.75,1.3333334,1.3333334,2.0,2.2,1.0,0.0,1.0,0.019583333,2.6666667,0.045163654,8.5,0.16460845
8.0,47.25,1.125,1.75,1.375,1.8571428,0.0,0.0,1.0,0.028125,2.875,0.04953466,6.25,0.0
7.0,35.357143,1.0,1.1428572,1.4285715,1.6666666,1.0,0.0,0.0,0.013888889,2.142857,0.0630954,4.857143,0.0
8.0,41.0,1.125,1.25,2.0,2.142857,1.0,0.0,1.0,0.02111111,2.375,0.052323766,6.25,0.0
6.0,116.333336,0.6666667,0.5,1.6666666,2.2,1.0,0.0,1.0,0.047916666,1.1666666,0.057104036,3.1666667,0.15769555
6.0,159.41667,2.0,1.5,2.0,2.2,1.0,0.0,1.0,0.06020833,3.5,0.054233875,10.166667,0.20237426
6.0,43.75,0.6666667,0.5,1.3333334,1.6,1.0,0.0,1.0,0.012916666,1.1666666,0.04643773,3.6666667,0.0
7.0,49.0,1.2857143,1.1428572,1.1428572,1.5,1.0,0.0,1.0,0.020208333,2.4285715,0.053369503,7.285714,0.18527466
6.0,222.83333,1.1666666,1.3333334,1.1666666,1.8,1.0,0.0,1.0,0.06722222,2.5,0.03639053,6.6666665,0.16303256
6.0,175.33333,2.6666667,2.5,1.3333334,1.4,1.0,0.0,1.0,0.06173611,5.1666665,0.053939216,11.0,-0.055821072
8.0,43.0,1.375,1.25,0.875,1.2857143,1.0,0.0,1.0,0.027361112,2.625,0.07837561,6.875,0.0
8.0,45.4375,1.25,1.125,1.875,2.0,1.0,0.0,1.0,0.021875,2.375,0.070840515,6.5,0.0
6.0,101.166664,1.1666666,0.8333333,2.0,2.2,0.0,0.0,1.0,0.042569444,2.0,0.04270524,4.3333335,0.040595643
6.0,81.0,1.0,1.0,1.8333334,2.2,1.0,0.0,1.0,0.034652777,2.0,0.04941417,5.6666665,0.0
7.0,44.714287,1.1428572,1.0,2.0,2.1666667,1.0,0.0,1.0,0.018958334,2.142857,0.06477971,6.571429,0.0
11.0,56.31818,1.7272727,1.6363636,1.0909091,1.6,1.0,0.0,1.0,0.039930556,3.3636363,0.06597049,6.909091,-0.10802365
6.0,100.5,1.5,2.1666667,2.0,2.2,0.0,0.0,1.0,0.03013889,3.6666667,0.037588365,9.833333,0.16121443
6.0,177.0,2.5,2.3333333,2.0,2.2,1.0,0.0,1.0,0.05277778,4.8333335,0.05750854,10.0,0.20553815
7.0,46.42857,1.7142857,1.4285715,1.8571428,2.0,1.0,0.0,1.0,0.023680555,3.142857,0.06509512,8.285714,0.18522935
6.0,157.16667,1.1666666,1.5,2.0,2.2,1.0,0.0,1.0,0.05486111,2.6666667,0.06302057,7.6666665,0.16265331
6.0,152.0,1.6666666,1.5,2.0,2.2,1.0,0.0,1.0,0.058125,3.1666667,0.053457037,10.333333,0.20272554
8.0,39.8125,1.625,0.5,1.875,2.142857,1.0,0.0,1.0,0.019097222,2.125,0.057934236,6.125,0.0
6.0,60.75,1.5,1.3333334,2.0,2.2,0.0,0.0,1.0,0.02298611,2.8333333,0.052749947,7.1666665,-0.19748901
5.0,59.7,1.2,0.8,2.0,2.25,1.0,0.0,1.0,0.018888889,2.0,0.054237157,4.8,0.23216297
6.0,95.833336,1.3333334,1.1666666,1.3333334,1.4,1.0,0.0,1.0,0.040069446,2.5,0.052217864,7.0,0.0
8.0,41.6875,1.125,1.25,1.75,2.0,1.0,0.0,0.0,0.020763889,2.375,0.056205623,5.25,0.16736956
8.0,51.8125,2.0,1.875,2.0,2.142857,1.0,0.0,1.0,0.028541667,3.875,0.0605426,9.875,0.12306235
6.0,73.25,1.5,1.5,2.0,2.2,1.0,0.0,1.0,0.02826389,3.0,0.07640975,9.0,0.16288052
5.0,125.8,2.0,1.2,2.0,2.25,1.0,0.0,1.0,0.027638888,3.2,0.058258664,8.6,0.0
7.0,46.214287,1.2857143,1.1428572,1.2857143,1.6666666,1.0,0.0,1.0,0.023472222,2.4285715,0.06790376,6.428571,0.0
6.0,45.166668,3.0,1.8333334,2.0,2.2,1.0,0.0,1.0,0.014166667,4.8333335,0.057172544,10.666667,0.0
7.0,39.357143,1.1428572,1.1428572,1.1428572,1.8333334,1.0,0.0,1.0,0.01673611,2.2857144,0.060433522,6.0,0.0
8.0,32.5625,1.625,1.5,1.25,2.0,1.0,0.0,1.0,0.019791666,3.125,0.054737844,7.0,0.0
8.0,51.0625,0.75,0.5,0.75,0.85714287,1.0,0.0,1.0,0.025138889,1.25,0.06311232,4.0,0.17700362
6.0,104.583336,1.0,0.6666667,1.6666666,1.8,1.0,0.0,1.0,0.042916667,1.6666666,0.06379053,4.8333335,0.0
6.0,96.666664,2.0,1.6666666,2.0,2.2,1.0,0.0,1.0,0.029791666,3.6666667,0.061987758,9.833333,0.0
7.0,54.285713,0.71428573,0.42857143,1.7142857,2.0,0.0,0.0,1.0,0.024722222,1.1428572,0.04667712,3.142857,0.0
6.0,104.25,1.6666666,1.1666666,1.5,1.8,1.0,0.0,1.0,0.04083333,2.8333333,0.051530063,5.6666665,0.15953767
6.0,133.0,1.6666666,1.6666666,2.0,2.2,1.0,0.0,1.0,0.047916666,3.3333333,0.040391266,12.666667,0.0
6.0,113.583336,1.6666666,1.8333334,2.0,2.2,1.0,0.0,1.0,0.040486112,3.5,0.048616763,10.333333,0.16136877
6.0,46.916668,1.3333334,1.1666666,0.8333333,1.8,1.0,0.0,1.0,0.017430555,2.5,0.071466,7.5,0.029997455
6.0,50.583332,1.5,1.5,2.0,2.2,1.0,0.0,1.0,0.020694444,3.0,0.06037122,9.0,0.0
6.0,105.166664,1.3333334,1.1666666,1.8333334,2.0,1.0,0.0,1.0,0.034722224,2.5,0.053763114,5.6666665,0.0
6.0,135.75,1.8333334,1.6666666,2.0,2.2,1.0,0.0,1.0,0.061041668,3.5,0.050297245,10.333333,0.15986446
6.0,129.66667,1.6666666,1.8333334,2.0,2.2,1.0,0.0,1.0,0.049375,3.5,0.04953229,10.5,-0.050758433
8.0,46.3125,1.875,2.125,1.375,1.7142857,0.0,0.0,1.0,0.023819445,4.0,0.05635289,8.5,0.0
6.0,120.083336,1.6666666,1.0,1.6666666,2.2,1.0,0.0,1.0,0.046666667,2.6666667,0.048443135,5.3333335,0.020343771
6.0,88.833336,1.3333334,1.1666666,1.5,1.8,1.0,0.0,1.0,0.036111113,2.5,0.043007612,7.8333335,0.111265235
6.0,91.583336,2.0,1.3333334,2.0,2.2,1.0,0.0,1.0,0.034375,3.3333333,0.052821353,8.0,0.16168015
6.0,50.166668,1.6666666,1.1666666,2.0,2.2,1.0,0.0,1.0,0.016111111,2.8333333,0.0698994,8.333333,0.0
6.0,155.25,2.0,0.0,2.0,2.2,0.0,0.0,1.0,0.048333332,2.0,0.036345292,28.0,-0.091540724
6.0,74.916664,1.0,1.0,2.0,2.2,1.0,0.0,1.0,0.020972222,2.0,0.052461226,6.0,0.21347909
7.0,44.357143,1.5714285,1.4285715,0.85714287,1.8333334,1.0,0.0,1.0,0.019027777,3.0,0.069196045,7.857143,0.0
6.0,54.833332,0.6666667,0.33333334,1.5,1.8,1.0,0.0,1.0,0.020069445,1.0,0.06665766,3.3333333,0.0
6.0,151.91667,1.6666666,1.6666666,2.0,2.2,1.0,0.0,1.0,0.04263889,3.3333333,0.055412095,8.833333,0.1646519
6.0,103.583336,1.6666666,1.6666666,1.8333334,2.0,1.0,0.0,1.0,0.03375,3.3333333,0.04428701,8.666667,0.0
7.0,44.57143,1.0,0.85714287,1.7142857,1.8333334,0.0,0.0,1.0,0.02388889,1.8571428,0.048533376,5.0,0.032454155
6.0,105.25,1.1666666,1.1666666,2.0,2.2,1.0,0.0,1.0,0.048611112,2.3333333,0.04982449,6.1666665,0.15914392
6.0,105.833336,1.1666666,1.0,2.0,2.2,1.0,0.0,1.0,0.028472222,2.1666667,0.046777677,5.8333335,0.0
8.0,42.75,1.5,1.375,1.75,1.8571428,1.0,0.0,1.0,0.02298611,2.875,0.07041623,7.25,0.0
8.0,49.6875,0.75,0.5,1.875,2.0,1.0,0.0,1.0,0.027708333,1.25,0.057042025,4.0,0.0
6.0,65.583336,0.6666667,0.6666667,2.0,2.2,1.0,0.0,1.0,0.023194445,1.3333334,0.059368808,4.0,0.16525236
6.0,76.416664,1.3333334,1.1666666,2.0,2.2,1.0,0.0,1.0,0.026597222,2.5,0.04854653,7.1666665,-0.15079555
7.0,61.642857,1.2857143,1.0,1.8571428,2.1666667,1.0,0.0,1.0,0.02625,2.2857144,0.057091024,6.142857,0.0
6.0,86.75,1.0,1.3333334,2.0,2.2,1.0,0.0,1.0,0.03548611,2.3333333,0.053686537,7.6666665,0.0
6.0,134.83333,1.0,1.0,1.8333334,2.0,1.0,0.0,1.0,0.037569445,2.0,0.044814397,5.3333335,0.20203103
8.0,61.0,1.75,1.375,1.125,1.2857143,1.0,0.0,1.0,0.029722223,3.125,0.051289856,8.125,0.12330851
4.0,115.875,1.75,1.25,2.0,2.3333333,1.0,0.0,1.0,0.019583333,3.0,0.05253585,9.5,0.0
6.0,155.25,1.8333334,1.3333334,1.8333334,2.0,1.0,0.0,1.0,0.05048611,3.1666667,0.051346768,10.0,0.21124108
8.0,58.3125,1.875,1.25,1.5,1.5714285,0.0,0.0,1.0,0.029791666,3.125,0.054999936,9.0,0.0
5.0,79.9,1.2,0.8,1.8,2.25,1.0,0.0,1.0,0.022569444,2.0,0.059410106,4.6,-0.29887483
6.0,112.75,1.0,1.0,2.0,2.2,1.0,0.0,1.0,0.029652778,2.0,0.053564303,4.5,0.1592507
6.0,90.333336,1.8333334,2.1666667,1.5,1.8,1.0,0.0,1.0,0.03138889,4.0,0.057324383,10.166667,0.0
7.0,47.214287,0.85714287,0.71428573,1.2857143,1.3333334,0.0,0.0,1.0,0.020763889,1.5714285,0.06909315,3.857143,0.18325023
6.0,183.08333,2.1666667,2.3333333,2.0,2.2,1.0,0.0,1.0,0.07861111,4.5,0.048496902,12.666667,0.15522113
6.0,118.75,1.3333334,0.6666667,2.0,2.2,1.0,0.0,1.0,0.045069445,2.0,0.052982662,4.3333335,0.0
7.0,58.357143,1.8571428,2.0,1.8571428,2.0,0.0,0.0,1.0,0.026527777,3.857143,0.05301027,9.857142,0.0
6.0,100.083336,1.0,1.0,1.3333334,2.0,1.0,0.0,1.0,0.034305554,2.0,0.049352136,6.1666665,0.0
6.0,144.83333,1.5,1.5,2.0,2.2,1.0,0.0,1.0,0.06048611,3.0,0.04970067,8.166667,0.0
6.0,126.5,1.6666666,1.3333334,2.0,2.2,1.0,0.0,1.0,0.050555557,3.0,0.05480851,8.333333,-0.21388012
8.0,49.5,1.125,0.875,1.5,1.5714285,1.0,0.0,1.0,0.023263888,2.0,0.06294049,5.5,0.0
6.0,101.75,0.8333333,1.1666666,1.6666666,1.8,1.0,0.0,1.0,0.036041666,2.0,0.051681377,7.0,0.0
6.0,118.0,1.3333334,1.3333334,2.0,2.2,1.0,0.0,1.0,0.0325,2.6666667,0.049179785,7.0,0.1556293
8.0,49.875,1.375,1.125,1.5,2.0,1.0,0.0,1.0,0.025486112,2.5,0.05001759,6.625,0.12260615
6.0,107.75,1.1666666,1.0,1.8333334,2.0,1.0,0.0,1.0,0.03638889,2.1666667,0.042426668,6.3333335,0.1618372
6.0,75.75,1.1666666,0.8333333,2.0,2.2,1.0,0.0,1.0,0.032708332,2.0,0.057610456,5.5,0.15964614
8.0,49.1875,0.625,0.75,1.375,1.7142857,1.0,0.0,1.0,0.022569444,1.375,0.056118988,4.0,0.0
4.0,102.625,2.25,2.0,2.0,2.3333333,1.0,0.0,0.0,0.021875,4.25,0.05785005,8.5,0.012552796
6.0,153.5,3.3333333,2.8333333,0.6666667,0.8,0.0,0.0,1.0,0.08090278,6.1666665,0.03827633,16.166666,0.0
7.0,57.142857,1.7142857,1.7142857,1.1428572,1.1666666,1.0,0.0,1.0,0.023819445,3.4285715,0.067007504,8.571428,-0.28100637
6.0,84.0,2.3333333,1.8333334,1.6666666,1.8,1.0,0.0,0.0,0.029305555,4.1666665,0.064055935,8.333333,0.1618766
6.0,127.75,1.6666666,1.6666666,1.6666666,2.2,1.0,0.0,1.0,0.030277777,3.3333333,0.0582577,9.833333,0.16371042
8.0,53.5,1.75,1.125,1.875,2.0,1.0,0.0,1.0,0.02826389,2.875,0.061510522,5.875,0.0
6.0,101.083336,2.3333333,4.0,2.0,2.2,1.0,0.0,1.0,0.031597223,6.3333335,0.05241692,15.333333,0.19450293
6.0,182.08333,0.8333333,1.0,1.1666666,1.2,1.0,0.0,1.0,0.06631944,1.8333334,0.045364313,5.5,0.15739615
6.0,106.833336,0.8333333,0.6666667,2.0,2.2,1.0,0.0,1.0,0.041388888,1.5,0.0441056,4.6666665,0.0
8.0,57.1875,1.125,0.75,1.25,1.4285715,1.0,0.0,1.0,0.026458334,1.875,0.0651927,3.75,0.18664512
5.0,159.1,2.0,2.0,1.6,2.25,1.0,0.0,1.0,0.044305556,4.0,0.04176578,12.0,0.1892459
6.0,103.583336,0.8333333,0.5,2.0,2.2,1.0,0.0,1.0,0.031180555,1.3333334,0.03860623,4.5,0.1625149
8.0,43.9375,0.75,0.625,1.875,2.0,1.0,0.0,1.0,0.026319444,1.375,0.064089336,4.0,0.0
7.0,44.57143,1.4285715,1.2857143,2.0,2.1666667,1.0,0.0,1.0,0.016944444,2.7142856,0.06310939,7.285714,0.0
6.0,107.833336,1.1666666,1.3333334,2.0,2.2,1.0,0.0,1.0,0.038541667,2.5,0.048427105,7.3333335,-0.18014444
6.0,143.16667,0.8333333,0.5,2.0,2.2,1.0,0.0,1.0,0.05965278,1.3333334,0.0562369,4.3333335,0.0
8.0,31.1875,0.625,0.125,1.875,2.0,1.0,0.0,0.0,0.016805556,0.75,0.065025635,2.125,0.0
7.0,53.5,0.85714287,0.5714286,2.0,2.1666667,1.0,0.0,1.0,0.023541667,1.4285715,0.05050841,4.571429,0.0
7.0,37.5,1.0,0.71428573,2.0,2.1666667,0.0,0.0,1.0,0.018333333,1.7142857,0.061807446,4.714286,0.0
8.0,59.75,1.25,1.0,1.875,2.0,1.0,0.0,1.0,0.03215278,2.25,0.07092434,5.875,0.0
6.0,138.83333,1.8333334,1.6666666,1.5,2.0,1.0,0.0,0.0,0.062152777,3.5,0.057658497,7.6666665,0.20519659
6.0,123.166664,1.6666666,2.0,1.6666666,1.8,1.0,0.0,1.0,0.063194446,3.6666667,0.046338543,11.0,0.0
8.0,56.625,1.25,1.125,1.75,2.0,0.0,0.0,1.0,0.027430555,2.375,0.052289616,6.25,0.0
6.0,119.75,0.6666667,0.5,1.5,1.6,1.0,0.0,1.0,0.044166666,1.1666666,0.056584157,4.0,0.16148512
6.0,104.083336,1.5,1.1666666,2.0,2.2,0.0,0.0,1.0,0.028402777,2.6666667,0.04153434,6.0,0.16012153
6.0,142.16667,1.1666666,0.8333333,2.0,2.2,0.0,0.0,1.0,0.05652778,2.0,0.03805171,5.1666665,0.0
7.0,47.357143,1.7142857,1.5714285,2.0,2.1666667,1.0,0.0,1.0,0.02125,3.2857144,0.055293888,7.428571,0.0
8.0,55.9375,1.125,1.0,1.5,1.5714285,1.0,0.0,1.0,0.027430555,2.125,0.06661491,5.625,0.0
8.0,25.8125,1.375,1.0,1.5,1.7142857,1.0,0.0,1.0,0.011875,2.375,0.09372439,7.5,0.0
7.0,47.214287,1.7142857,1.5714285,1.5714285,1.8333334,0.0,0.0,1.0,0.022222223,3.2857144,0.062245335,8.285714,0.14012864
8.0,41.5,1.5,1.5,1.375,1.4285715,1.0,0.0,1.0,0.024305556,3.0,0.069054835,7.75,0.0
7.0,50.214287,1.2857143,1.0,2.2857144,2.5,1.0,0.0,1.0,0.021180555,2.2857144,0.05698855,6.714286,0.0
8.0,40.0,0.75,0.375,1.625,2.142857,0.0,0.0,1.0,0.019513888,1.125,0.056458116,3.25,0.0
8.0,26.6875,0.75,0.625,0.5,0.42857143,1.0,0.0,0.0,0.015486111,1.375,0.062415954,3.25,0.0
7.0,36.714287,2.0,1.5714285,0.85714287,1.0,1.0,0.0,0.0,0.018541666,3.5714285,0.055346366,7.857143,-0.09319261
8.0,49.0625,1.0,0.0,1.875,2.142857,1.0,0.0,0.0,0.024236111,1.0,0.06482472,2.0,0.0
7.0,48.357143,0.71428573,0.5714286,1.7142857,1.8333334,1.0,0.0,1.0,0.021736111,1.2857143,0.053222556,4.571429,0.14106195
6.0,156.08333,2.0,1.3333334,0.6666667,0.8,1.0,0.0,1.0,0.050972223,3.3333333,0.05503043,10.0,0.14103454
6.0,125.0,1.3333334,1.0,1.8333334,2.0,1.0,0.0,1.0,0.047083333,2.3333333,0.04838161,4.8333335,0.0
7.0,47.142857,1.1428572,0.71428573,2.0,2.1666667,1.0,0.0,1.0,0.017430555,1.8571428,0.06314402,5.142857,0.0
6.0,76.833336,1.6666666,1.3333334,1.5,1.8,1.0,0.0,1.0,0.029236112,3.0,0.051151913,7.6666665,0.21777077
6.0,104.916664,1.8333334,1.0,1.5,1.6,1.0,0.0,1.0,0.044444446,2.8333333,0.05312605,6.1666665,0.27858487
6.0,122.333336,1.8333334,1.8333334,2.0,2.2,0.0,0.0,1.0,0.034375,3.6666667,0.05957081,11.5,0.16163774
8.0,43.4375,1.125,1.0,1.75,1.8571428,0.0,0.0,0.0,0.021805555,2.125,0.05900419,4.75,0.0
6.0,86.75,1.3333334,1.5,1.3333334,1.6,1.0,0.0,1.0,0.03048611,2.8333333,0.07542897,8.0,0.16329244
6.0,80.0,1.0,0.6666667,2.0,2.2,1.0,0.0,1.0,0.022916667,1.6666666,0.06737696,4.3333335,0.16469543
8.0,36.0625,1.375,0.25,1.375,1.5714285,1.0,0.0,1.0,0.019583333,1.625,0.06260025,3.875,0.18075566
8.0,53.8125,1.875,1.875,1.375,1.5714285,1.0,0.0,1.0,0.023680555,3.75,0.05556602,9.75,0.12263267
8.0,48.75,0.625,0.375,1.875,2.0,1.0,0.0,1.0,0.024583334,1.0,0.052783493,3.5,0.16630152
6.0,85.916664,1.1666666,1.0,2.0,2.2,0.0,0.0,1.0,0.032291666,2.1666667,0.05888342,4.5,0.16263624
6.0,83.666664,1.0,1.5,2.0,2.2,1.0,0.0,1.0,0.02201389,2.5,0.051070414,7.0,0.0
6.0,45.833332,1.1666666,1.0,1.5,1.6,1.0,0.0,1.0,0.018541666,2.1666667,0.056551382,4.3333335,0.0
6.0,32.583332,1.3333334,1.1666666,1.6666666,1.8,1.0,0.0,1.0,0.010069445,2.5,0.06537583,6.1666665,0.0
8.0,30.6875,1.5,0.25,0.625,1.7142857,1.0,0.0,0.0,0.015763888,1.75,0.07464074,4.0,0.0
6.0,40.416668,0.8333333,0.6666667,2.0,2.2,1.0,0.0,1.0,0.014375,1.5,0.06819945,5.1666665,0.13389954
7.0,47.714287,1.0,0.85714287,1.4285715,1.6666666,0.0,0.0,1.0,0.023680555,1.8571428,0.07950429,5.714286,0.0
8.0,43.5,0.75,0.75,1.375,1.5714285,0.0,0.0,1.0,0.022708334,1.5,0.051810455,3.875,0.0
6.0,128.41667,1.1666666,1.1666666,1.3333334,1.4,1.0,0.0,1.0,0.05215278,2.3333333,0.04884863,6.1666665,0.16156296
6.0,156.83333,1.8333334,1.5,2.0,2.2,1.0,0.0,1.0,0.058194444,3.3333333,0.044398297,10.333333,0.0
6.0,126.0,1.0,1.5,2.0,2.2,1.0,0.0,1.0,0.044166666,2.5,0.041512456,7.3333335,0.16012153
6.0,62.833332,1.6666666,1.8333334,2.0,2.2,1.0,0.0,1.0,0.021388888,3.5,0.057719026,9.0,0.0
6.0,89.75,1.0,1.0,1.0,1.4,1.0,0.0,1.0,0.031805556,2.0,0.05623766,6.0,0.16267681
6.0,122.916664,0.8333333,0.6666667,2.0,2.2,1.0,0.0,1.0,0.037916668,1.5,0.047946595,5.5,0.20354621
6.0,98.833336,1.6666666,1.6666666,1.6666666,1.8,0.0,0.0,1.0,0.030208332,3.3333333,0.061917547,7.1666665,0.16422017
7.0,44.714287,0.71428573,0.85714287,1.4285715,1.5,1.0,0.0,1.0,0.019375,1.5714285,0.06349566,5.142857,0.0
6.0,58.333332,1.3333334,1.1666666,1.8333334,2.0,0.0,0.0,1.0,0.01861111,2.5,0.045019925,7.5,0.20381911
6.0,55.25,1.0,0.6666667,2.0,2.2,1.0,0.0,1.0,0.01638889,1.6666666,0.065412305,4.3333335,0.15872131
6.0,93.416664,1.1666666,0.8333333,1.8333334,2.0,1.0,0.0,1.0,0.043541666,2.0,0.062290736,5.8333335,0.0
8.0,48.5,1.0,0.625,1.5,1.7142857,1.0,0.0,1.0,0.027777778,1.625,0.055084594,5.25,0.0
6.0,116.75,1.3333334,1.1666666,1.6666666,1.8,1.0,0.0,1.0,0.042291667,2.5,0.033264857,7.6666665,0.0
6.0,116.916664,1.1666666,1.0,2.0,2.2,0.0,0.0,1.0,0.04458333,2.1666667,0.04731724,5.6666665,0.20296443
6.0,131.33333,1.6666666,1.5,2.0,2.2,1.0,0.0,1.0,0.056041665,3.1666667,0.07233814,8.333333,0.20253643
8.0,50.6875,1.0,1.0,1.125,1.2857143,1.0,0.0,1.0,0.026319444,2.0,0.074592024,4.5,0.12300809
6.0,82.833336,1.0,0.8333333,1.0,1.6,1.0,0.0,1.0,0.035625,1.8333334,0.04493135,5.6666665,0.20334962
6.0,116.0,1.8333334,1.1666666,1.8333334,2.0,1.0,0.0,1.0,0.03708333,3.0,0.070676446,8.0,0.0
6.0,109.166664,1.1666666,1.1666666,2.0,2.2,1.0,0.0,1.0,0.041319445,2.3333333,0.07757704,7.0,0.0
7.0,55.92857,1.5714285,1.2857143,1.7142857,1.8333334,1.0,0.0,1.0,0.025555555,2.857143,0.061884195,8.142858,0.0
6.0,128.08333,1.0,1.0,2.0,2.2,1.0,0.0,1.0,0.04298611,2.0,0.051185608,6.1666665,0.0
6.0,158.75,1.8333334,1.5,2.0,2.2,1.0,0.0,1.0,0.062222224,3.3333333,0.040534854,8.833333,0.16166058
7.0,53.785713,2.2857144,2.0,1.7142857,1.8333334,1.0,0.0,0.0,0.02298611,4.285714,0.06844369,8.857142,-0.08221375
8.0,43.9375,1.25,1.0,1.875,2.0,1.0,0.0,1.0,0.023263888,2.25,0.071031906,6.25,0.0
6.0,56.083332,0.8333333,0.6666667,1.8333334,2.0,1.0,0.0,1.0,0.023611112,1.5,0.059461493,4.6666665,0.17034842
6.0,160.83333,2.0,1.8333334,2.0,2.2,0.0,0.0,1.0,0.06097222,3.8333333,0.053666186,10.0,0.0
8.0,48.3125,0.625,0.625,1.75,2.0,1.0,0.0,1.0,0.025277779,1.25,0.047805324,3.125,0.0
7.0,51.642857,1.4285715,1.4285715,1.2857143,1.8333334,1.0,0.0,1.0,0.024930555,2.857143,0.0516189,9.0,0.14075775
6.0,127.0,1.8333334,1.6666666,1.8333334,2.2,1.0,0.0,1.0,0.04597222,3.5,0.042971805,8.166667,0.20490742
6.0,182.41667,1.6666666,1.5,2.0,2.2,1.0,0.0,1.0,0.062638886,3.1666667,0.05199075,9.833333,0.20148526
7.0,48.92857,1.8571428,1.8571428,1.5714285,2.0,1.0,0.0,0.0,0.022222223,3.7142856,0.059344295,7.857143,0.18110263
6.0,65.5,1.8333334,0.8333333,2.0,2.2,1.0,0.0,1.0,0.022916667,2.6666667,0.06091561,5.6666665,0.0
6.0,126.416664,1.8333334,1.3333334,1.6666666,1.8,1.0,0.0,1.0,0.045277778,3.1666667,0.06488963,9.0,0.22497246
6.0,104.083336,1.0,1.3333334,2.0,2.2,1.0,0.0,1.0,0.031319443,2.3333333,0.04663801,6.5,0.0
6.0,57.0,1.8333334,1.6666666,1.8333334,2.0,1.0,0.0,1.0,0.020833334,3.5,0.04515815,7.1666665,-0.299426
7.0,39.07143,1.2857143,1.1428572,1.2857143,2.0,1.0,0.0,1.0,0.019583333,2.4285715,0.06627259,6.428571,0.120683886
8.0,41.875,1.375,1.625,1.75,1.8571428,1.0,0.0,1.0,0.021597221,3.0,0.054642897,6.25,0.0
6.0,97.166664,0.6666667,0.8333333,2.0,2.2,1.0,0.0,1.0,0.03548611,1.5,0.068559654,5.1666665,0.21297279
6.0,152.5,1.3333334,1.5,1.8333334,2.2,1.0,0.0,1.0,0.045416668,2.8333333,0.050876833,5.8333335,0.18690607
8.0,37.625,1.125,1.75,2.0,2.142857,1.0,0.0,1.0,0.016597223,2.875,0.06318371,6.25,0.0
8.0,49.25,2.25,2.0,2.0,2.142857,0.0,0.0,1.0,0.024166666,4.25,0.062645376,11.125,0.12287313
6.0,78.833336,0.8333333,0.6666667,1.1666666,1.6,1.0,0.0,1.0,0.027777778,1.5,0.06389925,4.6666665,-0.0045486134
6.0,158.16667,1.3333334,0.8333333,2.0,2.2,1.0,0.0,1.0,0.061458334,2.1666667,0.06725418,6.8333335,0.11488347
8.0,39.1875,0.625,0.5,1.875,2.0,1.0,0.0,0.0,0.016319444,1.125,0.058626954,2.875,0.0
7.0,38.285713,1.2857143,1.1428572,1.4285715,1.5,1.0,0.0,1.0,0.015763888,2.4285715,0.06857844,5.571429,0.0
6.0,61.666668,1.3333334,0.6666667,1.0,1.0,0.0,0.0,1.0,0.021875,2.0,0.065642424,4.6666665,0.036101524
6.0,106.583336,2.0,1.8333334,1.8333334,2.0,1.0,0.0,1.0,0.04402778,3.8333333,0.065764405,7.6666665,0.0
6.0,129.91667,1.6666666,1.3333334,2.0,2.2,1.0,0.0,1.0,0.042777777,3.0,0.049012378,9.5,0.0
7.0,36.214287,1.7142857,1.7142857,1.0,1.5,1.0,0.0,0.0,0.015902778,3.4285715,0.06387824,7.428571,0.14211278
8.0,27.6875,0.5,0.125,0.375,1.5714285,1.0,0.0,0.0,0.015069445,0.625,0.05154696,1.75,0.123981126
7.0,55.42857,0.71428573,0.5714286,1.0,1.1666666,1.0,0.0,1.0,0.026875,1.2857143,0.06307787,3.5714285,0.14089246
8.0,65.25,2.0,1.75,1.625,2.0,0.0,0.0,1.0,0.033888888,3.75,0.063679524,9.875,0.12306235
6.0,115.5,1.6666666,1.3333334,1.6666666,1.8,1.0,0.0,1.0,0.039652776,3.0,0.049823646,9.0,0.0
6.0,102.833336,1.1666666,0.8333333,2.0,2.2,1.0,0.0,1.0,0.04076389,2.0,0.057099722,6.3333335,0.20310445
8.0,46.625,1.0,0.875,1.25,1.4285715,1.0,0.0,1.0,0.026805555,1.875,0.058175582,5.75,0.12375426
9.0,59.11111,0.7777778,0.6666667,1.1111112,1.625,0.0,0.0,1.0,0.031805556,1.4444444,0.05631765,3.8888888,0.0
6.0,118.916664,0.8333333,1.0,1.1666666,1.2,1.0,0.0,1.0,0.045277778,1.8333334,0.07590748,6.3333335,0.15907298
6.0,179.16667,2.1666667,2.0,2.0,2.2,1.0,0.0,1.0,0.05513889,4.1666665,0.064516045,8.833333,0.20293647
6.0,159.0,1.8333334,1.6666666,1.8333334,2.2,1.0,0.0,1.0,0.05666667,3.5,0.04777972,9.166667,-0.27576864
8.0,52.1875,2.25,2.0,1.75,2.0,0.0,0.0,1.0,0.027152779,4.25,0.067421995,10.75,0.0
6.0,132.25,1.6666666,1.3333334,2.0,2.2,0.0,0.0,1.0,0.041666668,3.0,0.05934633,8.0,0.0
6.0,112.0,1.0,0.6666667,1.6666666,2.2,1.0,0.0,1.0,0.038819443,1.6666666,0.049958725,3.3333333,-0.21431217
8.0,28.4375,0.75,0.5,1.625,1.8571428,1.0,0.0,1.0,0.017569445,1.25,0.06057264,4.0,0.0
6.0,53.583332,1.6666666,1.5,1.8333334,2.2,1.0,0.0,1.0,0.01861111,3.1666667,0.05728559,8.5,0.0
8.0,36.875,1.0,0.625,2.0,2.142857,1.0,0.0,1.0,0.021527778,1.625,0.06437979,3.75,0.0
6.0,145.75,1.3333334,1.1666666,2.0,2.2,1.0,0.0,1.0,0.04736111,2.5,0.047272872,7.6666665,0.1559853
6.0,128.91667,1.8333334,1.5,2.0,2.2,1.0,0.0,1.0,0.050208334,3.3333333,0.052968405,8.666667,-0.11875771
10.0,59.55,1.1,1.0,1.9,2.1111112,0.0,0.0,1.0,0.04013889,2.1,0.061490834,4.6,-0.13360679
6.0,96.583336,1.1666666,1.0,1.8333334,2.0,1.0,0.0,1.0,0.03576389,2.1666667,0.060991824,5.5,-0.1552288
6.0,133.5,2.1666667,2.0,0.5,0.6,1.0,0.0,1.0,0.043958332,4.1666665,0.05764825,10.5,0.20224385
6.0,87.75,1.8333334,1.6666666,1.8333334,2.0,1.0,0.0,1.0,0.034791667,3.5,0.067054234,9.666667,0.0
7.0,50.0,1.0,1.0,1.1428572,1.8333334,1.0,0.0,1.0,0.024791667,2.0,0.08528512,4.571429,0.0
6.0,125.5,1.1666666,1.0,1.8333334,2.0,1.0,0.0,1.0,0.042430557,2.1666667,0.046596464,6.5,0.0
6.0,185.66667,1.6666666,1.8333334,0.6666667,0.8,1.0,0.0,1.0,0.081319444,3.5,0.042011213,9.0,0.0
8.0,44.0,1.0,0.25,1.25,1.5714285,0.0,0.0,1.0,0.022152778,1.25,0.056202374,3.75,0.0
6.0,74.75,1.5,1.1666666,1.0,1.4,1.0,0.0,1.0,0.025486112,2.6666667,0.048225828,5.5,-0.0021126333
6.0,121.25,1.6666666,1.3333334,1.5,2.2,1.0,0.0,1.0,0.038055554,3.0,0.053298257,9.333333,-0.21460588
6.0,96.5,1.8333334,2.1666667,2.0,2.2,0.0,0.0,1.0,0.03736111,4.0,0.050016664,11.5,0.0
7.0,51.42857,1.4285715,1.5714285,1.1428572,1.3333334,1.0,0.0,1.0,0.024236111,3.0,0.056271154,7.428571,0.0
8.0,43.3125,1.0,0.875,1.5,1.8571428,0.0,0.0,1.0,0.02236111,1.875,0.057610422,4.125,0.124038264
8.0,65.625,1.125,0.625,2.0,2.142857,0.0,0.0,1.0,0.030972222,1.75,0.057679813,4.0,-0.055579104
5.0,93.3,1.6,1.4,2.0,2.25,1.0,0.0,1.0,0.026805555,3.0,0.05620005,8.2,0.19543687
6.0,137.91667,1.8333334,1.1666666,2.0,2.2,1.0,0.0,1.0,0.050416667,3.0,0.043452792,8.833333,0.19739972
8.0,47.625,1.25,1.75,1.625,2.0,0.0,0.0,1.0,0.02673611,3.0,0.045801897,9.0,0.12383902
6.0,97.75,0.8333333,0.8333333,2.0,2.2,1.0,0.0,1.0,0.037777778,1.6666666,0.0569672,4.5,0.16235393
6.0,121.25,1.8333334,1.5,2.0,2.2,1.0,0.0,1.0,0.03625,3.3333333,0.048889745,6.8333335,0.2520725
8.0,45.5625,0.875,0.75,0.75,0.71428573,0.0,0.0,1.0,0.020972222,1.625,0.0804083,5.0,0.0
4.0,88.0,1.5,2.25,2.0,2.3333333,1.0,0.0,1.0,0.020069445,3.75,0.062579244,10.5,0.06421834
6.0,145.58333,2.5,2.5,2.0,2.2,1.0,0.0,1.0,0.068125,5.0,0.049868155,12.833333,-0.16709524
8.0,51.6875,1.125,1.0,1.25,1.5714285,1.0,0.0,1.0,0.026319444,2.125,0.06238736,5.625,0.16606
6.0,133.0,1.0,0.8333333,1.8333334,2.0,1.0,0.0,1.0,0.04701389,1.8333334,0.04463099,6.8333335,0.0
6.0,97.5,1.5,0.5,2.0,2.2,1.0,0.0,1.0,0.022083333,2.0,0.06276293,6.1666665,0.0
6.0,47.0,1.8333334,1.3333334,1.6666666,1.8,1.0,0.0,1.0,0.017083334,3.1666667,0.0773941,10.0,0.16358438
8.0,49.375,0.875,1.5,1.75,1.8571428,1.0,0.0,1.0,0.023194445,2.375,0.057292257,6.75,0.1702236
6.0,95.5,1.8333334,1.8333334,2.0,2.2,1.0,0.0,1.0,0.037430555,3.6666667,0.05672013,9.166667,0.0
6.0,138.83333,1.5,0.8333333,1.8333334,2.2,0.0,0.0,1.0,0.04916667,2.3333333,0.035691496,4.6666665,0.0
8.0,42.3125,1.0,1.0,1.375,1.7142857,1.0,0.0,1.0,0.019930556,2.0,0.06671891,6.0,0.0
6.0,128.91667,1.5,1.1666666,1.3333334,1.8,1.0,0.0,1.0,0.057430554,2.6666667,0.050191235,8.333333,0.0
6.0,93.25,1.3333334,2.0,2.0,2.2,1.0,0.0,1.0,0.033125,3.3333333,0.049286183,9.5,0.1635425
6.0,100.166664,0.5,0.5,2.0,2.2,1.0,0.0,1.0,0.03652778,1.0,0.055616196,5.5,0.0
7.0,54.214287,2.0,1.7142857,1.8571428,2.1666667,1.0,0.0,1.0,0.024097223,3.7142856,0.065273225,11.428572,-0.06652093
6.0,87.166664,1.1666666,1.8333334,1.6666666,1.8,1.0,0.0,1.0,0.033819444,3.0,0.052558962,10.0,0.16125293
6.0,195.5,1.1666666,1.1666666,2.0,2.2,1.0,0.0,1.0,0.077083334,2.3333333,0.041352686,7.0,0.116774246
6.0,134.41667,1.5,1.1666666,2.0,2.2,1.0,0.0,1.0,0.055625,2.6666667,0.04551233,8.5,0.15611002
8.0,32.5,0.875,0.875,1.875,2.0,1.0,0.0,1.0,0.015763888,1.75,0.08691667,4.375,0.0
7.0,27.285715,1.0,0.71428573,1.7142857,1.8333334,1.0,0.0,1.0,0.012777777,1.7142857,0.061333723,4.714286,0.0
8.0,38.5625,1.125,0.75,1.875,2.0,1.0,0.0,1.0,0.024722222,1.875,0.065733805,4.875,0.0
7.0,48.714287,1.1428572,1.0,1.4285715,1.5,1.0,0.0,1.0,0.022291666,2.142857,0.059535917,5.714286,0.0
6.0,141.33333,1.0,0.6666667,2.0,2.2,1.0,0.0,1.0,0.04263889,1.6666666,0.03537874,4.6666665,0.16117597
6.0,120.5,1.3333334,1.1666666,2.0,2.2,0.0,0.0,1.0,0.04236111,2.5,0.040134907,8.5,0.0
6.0,42.166668,1.1666666,1.0,2.0,2.2,1.0,0.0,1.0,0.014305555,2.1666667,0.04014071,5.6666665,0.0
7.0,52.642857,1.1428572,1.0,1.7142857,2.1666667,1.0,0.0,1.0,0.023680555,2.142857,0.07847446,5.857143,0.14009601
7.0,41.714287,1.4285715,1.7142857,1.4285715,1.6666666,1.0,0.0,1.0,0.016666668,3.142857,0.057400804,9.142858,0.18641748
6.0,45.25,1.1666666,1.1666666,1.1666666,1.4,1.0,0.0,1.0,0.014027778,2.3333333,0.06282392,6.1666665,0.0
7.0,32.142857,0.85714287,0.85714287,1.7142857,2.0,1.0,0.0,1.0,0.015069445,1.7142857,0.053442698,5.428571,0.0
6.0,101.416664,0.8333333,0.5,2.0,2.2,1.0,0.0,1.0,0.038958333,1.3333334,0.06427668,4.3333335,0.1643921
6.0,156.08333,1.6666666,1.3333334,1.8333334,2.2,0.0,0.0,1.0,0.06034722,3.0,0.055358887,6.1666665,0.0
8.0,53.3125,2.0,1.875,1.75,1.8571428,1.0,0.0,1.0,0.027291667,3.875,0.060241554,8.25,0.0
8.0,50.4375,1.0,1.0,1.625,2.0,1.0,0.0,1.0,0.022569444,2.0,0.052394275,6.0,0.12252681
6.0,85.416664,1.3333334,1.0,2.0,2.2,1.0,0.0,1.0,0.03652778,2.3333333,0.0511459,7.3333335,0.16422017
6.0,96.583336,1.1666666,2.1666667,2.0,2.2,1.0,0.0,1.0,0.027083334,3.3333333,0.04671959,7.6666665,0.0
6.0,114.166664,1.1666666,1.1666666,1.8333334,2.2,1.0,0.0,1.0,0.039722223,2.3333333,0.046275903,7.5,0.20203662
7.0,60.714287,1.5714285,1.7142857,1.0,1.0,1.0,0.0,1.0,0.027986111,3.2857144,0.04779892,9.714286,0.046122152
6.0,104.166664,1.8333334,1.0,1.3333334,1.6,1.0,0.0,1.0,0.044166666,2.8333333,0.06123251,10.166667,0.0
6.0,95.833336,1.3333334,1.6666666,0.6666667,0.6,1.0,0.0,1.0,0.045902777,3.0,0.05883115,8.666667,0.0
6.0,146.08333,2.3333333,2.3333333,1.1666666,1.4,1.0,0.0,1.0,0.046041667,4.6666665,0.058391597,10.333333,0.1566479
7.0,48.57143,1.8571428,1.1428572,1.1428572,1.5,1.0,0.0,1.0,0.022083333,3.0,0.057700854,8.714286,0.14140472
6.0,132.5,1.3333334,1.6666666,1.8333334,2.0,1.0,0.0,1.0,0.04375,3.0,0.04112834,8.666667,0.2107775
6.0,184.58333,1.1666666,1.0,2.0,2.2,1.0,0.0,1.0,0.06465278,2.1666667,0.053577065,6.6666665,0.16344498
6.0,41.583332,1.5,1.3333334,1.5,1.6,1.0,0.0,1.0,0.014097222,2.8333333,0.056006864,7.5,0.20482083
7.0,39.642857,1.1428572,1.0,1.2857143,1.5,1.0,0.0,1.0,0.017083334,2.142857,0.06829663,5.571429,0.18537685
8.0,48.3125,1.25,1.5,1.75,1.8571428,0.0,0.0,1.0,0.023263888,2.75,0.053267043,7.25,0.12375426
7.0,41.0,1.2857143,1.1428572,0.85714287,1.8333334,1.0,0.0,1.0,0.017916666,2.4285715,0.064669386,5.428571,0.0
6.0,41.5,1.0,1.0,1.3333334,1.4,1.0,0.0,0.0,0.015208334,2.0,0.070931494,5.3333335,0.0
8.0,48.8125,1.5,1.375,1.125,1.2857143,1.0,0.0,1.0,0.026319444,2.875,0.055512488,7.5,0.0
7.0,57.42857,0.85714287,0.71428573,1.5714285,2.0,0.0,0.0,1.0,0.023472222,1.5714285,0.04349366,4.571429,0.0
6.0,35.416668,1.5,1.6666666,2.0,2.2,1.0,0.0,1.0,0.013888889,3.1666667,0.062001962,7.3333335,0.0
6.0,44.5,0.6666667,0.5,2.0,2.2,1.0,0.0,1.0,0.013611111,1.1666666,0.06663608,3.3333333,0.0
8.0,56.625,0.75,1.0,1.625,1.8571428,1.0,0.0,1.0,0.028680556,1.75,0.064823404,5.0,0.0
8.0,58.0,1.375,1.375,1.75,2.0,1.0,0.0,1.0,0.028958334,2.75,0.06254935,7.25,0.12290004
6.0,109.666664,1.6666666,1.5,2.0,2.2,1.0,0.0,1.0,0.04173611,3.1666667,0.047102146,9.166667,0.0
6.0,115.75,1.3333334,0.8333333,1.8333334,2.2,1.0,0.0,1.0,0.041180555,2.1666667,0.044114925,7.3333335,0.0
7.0,54.0,1.1428572,1.1428572,2.0,2.1666667,1.0,0.0,1.0,0.023958333,2.2857144,0.06015133,5.714286,0.0
6.0,25.166666,1.5,0.33333334,0.8333333,1.0,1.0,0.0,0.0,0.0095833335,1.8333334,0.087654606,4.3333335,0.10452021
6.0,32.916668,1.0,0.33333334,1.0,1.6,1.0,0.0,1.0,0.010694444,1.3333334,0.07814658,4.0,0.0
7.0,45.5,1.2857143,1.1428572,1.2857143,1.8333334,1.0,0.0,1.0,0.019791666,2.4285715,0.051296912,6.428571,0.18334597
6.0,126.583336,1.5,1.3333334,1.0,1.0,1.0,0.0,1.0,0.048472222,2.8333333,0.039691973,7.8333335,0.16215403
6.0,108.0,1.5,1.1666666,1.3333334,1.4,1.0,0.0,0.0,0.040694445,2.6666667,0.062346365,7.1666665,0.20318387
6.0,85.833336,1.3333334,0.6666667,1.8333334,2.2,1.0,0.0,1.0,0.030625,2.0,0.065463305,6.6666665,0.1648264
8.0,43.5,1.0,1.0,1.875,2.0,0.0,0.0,1.0,0.024722222,2.0,0.05119388,5.5,0.0
6.0,94.666664,1.8333334,0.33333334,1.1666666,1.2,1.0,0.0,0.0,0.027361112,2.1666667,0.049589235,8.0,0.0
6.0,100.333336,1.5,1.1666666,2.0,2.2,1.0,0.0,1.0,0.036041666,2.6666667,0.038439173,7.0,0.0
6.0,240.75,1.5,1.5,2.0,2.2,1.0,0.0,1.0,0.069236115,3.0,0.05458999,9.333333,0.14928073
8.0,43.75,2.0,1.75,1.875,2.0,0.0,0.0,1.0,0.027847223,3.75,0.057678174,9.75,0.12418185
6.0,65.833336,2.0,1.3333334,2.0,2.2,1.0,0.0,1.0,0.025416667,3.3333333,0.052365553,10.666667,0.0
6.0,116.5,2.0,1.0,2.0,2.2,1.0,0.0,1.0,0.047083333,3.0,0.04165674,6.0,0.10766024
6.0,175.25,1.0,1.0,1.8333334,2.0,1.0,0.0,1.0,0.053333335,2.0,0.06364041,5.5,0.20874226
11.0,44.045456,0.72727275,0.6363636,2.090909,2.2,1.0,0.0,1.0,0.034166668,1.3636364,0.0752867,3.8181818,0.0
8.0,65.0625,1.875,1.375,1.875,2.0,1.0,0.0,0.0,0.033055555,3.25,0.06377102,6.75,0.0
6.0,125.166664,1.6666666,1.0,1.6666666,2.0,1.0,0.0,1.0,0.040208332,2.6666667,0.046175543,8.833333,0.20401682
6.0,162.16667,1.5,2.1666667,1.8333334,2.2,1.0,0.0,1.0,0.063819446,3.6666667,0.047690764,9.5,0.16406345
6.0,123.416664,0.8333333,0.8333333,2.0,2.2,0.0,0.0,1.0,0.033958334,1.6666666,0.045683715,6.1666665,-0.04113676
8.0,51.9375,1.625,1.5,1.5,1.5714285,1.0,0.0,1.0,0.027638888,3.125,0.060982525,6.5,-0.14470802
6.0,53.75,1.1666666,0.8333333,1.6666666,2.0,1.0,0.0,1.0,0.020069445,2.0,0.05271138,6.0,0.0
6.0,63.916668,1.0,0.8333333,1.6666666,1.8,0.0,0.0,1.0,0.024097223,1.8333334,0.055331085,4.0,0.1635425
8.0,61.4375,1.875,1.0,1.25,1.5714285,1.0,0.0,1.0,0.035,2.875,0.05892807,6.75,0.16620596
6.0,66.333336,1.0,0.8333333,1.5,1.6,1.0,0.0,1.0,0.021041667,1.8333334,0.05717998,5.5,0.16191606
6.0,149.25,2.0,3.1666667,2.0,2.2,0.0,0.0,1.0,0.055833332,5.1666665,0.053170756,10.5,-0.2345318
8.0,51.9375,1.375,1.25,1.625,1.8571428,1.0,0.0,1.0,0.0275,2.625,0.07076356,7.375,0.12311677
8.0,53.8125,1.375,1.5,0.625,1.7142857,1.0,0.0,1.0,0.026944444,2.875,0.047610935,6.25,0.0
6.0,36.0,0.8333333,0.0,1.5,1.6,1.0,0.0,0.0,0.012986111,0.8333333,0.06554411,1.6666666,0.0
6.0,156.33333,1.3333334,1.1666666,2.0,2.2,1.0,0.0,1.0,0.053263888,2.5,0.043084223,7.1666665,0.1858687
8.0,33.8125,0.75,0.5,1.875,2.0,1.0,0.0,1.0,0.01638889,1.25,0.05851114,3.875,0.0
8.0,40.25,0.75,0.5,1.0,2.0,1.0,0.0,1.0,0.019652778,1.25,0.063244216,3.375,0.16787225
8.0,48.875,2.0,1.625,0.875,1.0,1.0,0.0,1.0,0.023541667,3.625,0.046964273,9.375,0.1240669
6.0,168.25,1.3333334,0.8333333,2.0,2.2,1.0,0.0,1.0,0.05263889,2.1666667,0.038711086,5.6666665,0.0
6.0,207.91667,2.0,2.1666667,2.0,2.2,1.0,0.0,1.0,0.06638889,4.1666665,0.06604938,11.666667,0.17700851
6.0,49.333332,1.3333334,1.3333334,2.0,2.2,1.0,0.0,1.0,0.015972223,2.6666667,0.05993498,6.0,0.2220333
8.0,57.0625,1.375,0.625,1.875,2.0,1.0,0.0,1.0,0.031180555,2.0,0.07918597,5.625,0.16610245
6.0,86.333336,0.8333333,0.8333333,1.5,1.8,0.0,0.0,1.0,0.02451389,1.6666666,0.050918195,5.0,0.16060583
6.0,136.33333,1.8333334,1.3333334,1.3333334,1.4,1.0,0.0,1.0,0.05291667,3.1666667,0.050733052,10.166667,0.17078255
7.0,48.785713,1.2857143,1.1428572,1.5714285,1.8333334,0.0,0.0,1.0,0.024444444,2.4285715,0.06344372,6.571429,0.0
8.0,46.3125,1.25,1.125,1.0,1.2857143,0.0,0.0,1.0,0.021041667,2.375,0.08755361,6.25,0.0
8.0,44.1875,1.125,0.875,1.75,1.8571428,1.0,0.0,1.0,0.023263888,2.0,0.0580409,4.5,-0.05064992
6.0,74.666664,1.3333334,1.6666666,2.0,2.2,1.0,0.0,1.0,0.023125,3.0,0.059503485,9.166667,0.1621939
6.0,83.666664,0.8333333,0.6666667,1.8333334,2.2,1.0,0.0,1.0,0.031666666,1.5,0.07191054,4.6666665,0.04426062
6.0,107.166664,1.3333334,1.1666666,2.0,2.2,1.0,0.0,1.0,0.04548611,2.5,0.046805028,7.6666665,0.0
8.0,51.625,1.5,1.5,1.25,1.2857143,0.0,0.0,1.0,0.025833333,3.0,0.05964287,9.0,0.12350223
6.0,58.833332,1.8333334,1.8333334,2.0,2.2,1.0,0.0,1.0,0.022430556,3.6666667,0.047135953,11.0,0.0
6.0,121.75,1.6666666,1.6666666,2.0,2.2,1.0,0.0,1.0,0.046319444,3.3333333,0.044414774,9.0,0.16195558
8.0,58.5,1.0,0.875,1.75,1.8571428,0.0,0.0,1.0,0.028541667,1.875,0.048560154,4.75,0.0
6.0,101.833336,1.6666666,1.3333334,2.0,2.2,1.0,0.0,1.0,0.038055554,3.0,0.05479754,8.833333,0.15957378
6.0,159.75,1.3333334,1.1666666,2.0,2.2,1.0,0.0,1.0,0.06659722,2.5,0.05600876,6.6666665,0.23902237
8.0,47.75,0.875,0.75,1.875,2.0,1.0,0.0,1.0,0.025138889,1.625,0.06527798,4.375,0.12295398
8.0,37.5625,0.875,1.125,1.875,2.142857,1.0,0.0,1.0,0.016805556,2.0,0.06517455,5.5,0.0
8.0,61.9375,0.75,0.75,1.75,2.142857,0.0,0.0,1.0,0.030555556,1.5,0.040144384,4.875,0.0
8.0,61.625,0.625,0.625,2.0,2.142857,1.0,0.0,1.0,0.033055555,1.25,0.05053252,5.25,0.12300809
6.0,82.583336,1.5,1.3333334,1.6666666,2.0,1.0,0.0,1.0,0.03625,2.8333333,0.0481846,7.1666665,0.0
6.0,111.833336,1.5,1.3333334,2.0,2.2,1.0,0.0,1.0,0.039305557,2.8333333,0.05438964,8.833333,-0.28596333
7.0,51.785713,1.7142857,1.2857143,2.0,2.1666667,1.0,0.0,1.0,0.026458334,3.0,0.068256594,6.571429,0.1891011
6.0,108.916664,0.5,0.33333334,2.0,2.2,1.0,0.0,1.0,0.035208333,0.8333333,0.06744442,3.0,0.0
6.0,170.75,1.0,0.8333333,2.0,2.2,1.0,0.0,1.0,0.066875,1.8333334,0.055773415,3.6666667,0.0
6.0,47.833332,1.1666666,1.0,1.3333334,2.0,1.0,0.0,1.0,0.017083334,2.1666667,0.06594237,6.6666665,0.0
8.0,52.625,0.875,0.75,1.375,1.4285715,1.0,0.0,1.0,0.028680556,1.625,0.0701332,6.125,0.12311677
6.0,61.583332,1.3333334,2.0,2.0,2.2,1.0,0.0,1.0,0.024652777,3.3333333,0.06335684,7.0,0.0
